ID_SITIO;LOCALIDAD;PROVINCIA;POBLACION;PLAN;Latitud;Longitud
87;25 DE MAYO;BUENOS AIRES;23408;LOCALIDAD CONECTADA;-35,44298056;-60,17478889
96;9 DE JULIO;BUENOS AIRES;36494;LOCALIDAD CONECTADA;-35,44068889;-60,8725
101;ABASTO;BUENOS AIRES;7139;LOCALIDAD CONECTADA;-34,966463;-58,162949
109;ACEVEDO;BUENOS AIRES;1499;LOCALIDAD CONECTADA;-33,75574167;-60,43588889
132;AGUSTIN ROCA;BUENOS AIRES;334;LOCALIDAD CONECTADA;-34,508096;-60,871035
133;AGUSTINA;BUENOS AIRES;155;LOCALIDAD CONECTADA;-34,460904;-61,064061
139;ALBERDI VIEJO;BUENOS AIRES;318;LOCALIDAD CONECTADA;-34,44194444;-61,84444444
3763;ALFREDO DEMARCHI _EST F QUIROGA;BUENOS AIRES;1946;LOCALIDAD CONECTADA;-35,29379722;-61,40713333
216;AMERICA;BUENOS AIRES;11685;LOCALIDAD CONECTADA;-35,494459;-62,970023
271;ARGERICH;BUENOS AIRES;80;LOCALIDAD CONECTADA;-38,77061;-62,601599
273;ARIEL;BUENOS AIRES;16;LOCALIDAD CONECTADA;-36,53180278;-59,92035833
282;ARRECIFES;BUENOS AIRES;26400;LOCALIDAD CONECTADA;-34,06392883;-60,07180956
283;ARRIBEÑOS;BUENOS AIRES;2910;LOCALIDAD CONECTADA;-34,208346;-61,35876
292;ARROYO CORTO;BUENOS AIRES;514;LOCALIDAD CONECTADA;-37,51449676;-62,31076809
293;ARROYO DE LA CRUZ;BUENOS AIRES;243;LOCALIDAD CONECTADA;-34,34013645;-59,11324909
295;ARROYO DULCE;BUENOS AIRES;1715;LOCALIDAD CONECTADA;-34,09362778;-60,41030278
325;AYACUCHO;BUENOS AIRES;17364;LOCALIDAD CONECTADA;-37,14957222;-58,47072222
327;AZCUENAGA;BUENOS AIRES;312;LOCALIDAD CONECTADA;-34,36307825;-59,37655399
4023;AZUCENA;BUENOS AIRES;0;LOCALIDAD CONECTADA;-37,48694167;-59,293325
330;AZUL;BUENOS AIRES;55728;LOCALIDAD CONECTADA;-36,76994444;-59,85005556
332;BAHIA BLANCA;BUENOS AIRES;291327;LOCALIDAD CONECTADA;-38,75124167;-62,28297222
336;BAIGORRITA;BUENOS AIRES;1848;LOCALIDAD CONECTADA;-34,74771111;-60,98280833
342;BALCARCE;BUENOS AIRES;38376;LOCALIDAD CONECTADA;-37,84979167;-58,24926111
351;BALNEARIO LAGUNA DE GOMEZ;BUENOS AIRES;230;LOCALIDAD CONECTADA;-34,65590556;-61,0193
364;BANDERALO;BUENOS AIRES;1339;LOCALIDAD CONECTADA;-35,01091667;-63,37183333
368;BARADERO;BUENOS AIRES;28537;LOCALIDAD CONECTADA;-33,810287;-59,50957
396;BARRIO COLINAS VERDES;BUENOS AIRES;121;LOCALIDAD CONECTADA;-37,89308889;-57,82196944
409;BARRIO EL COYUNCO;BUENOS AIRES;374;LOCALIDAD CONECTADA;-37,91791944;-57,74728056
419;BARRIO EL TALADRO;BUENOS AIRES;155;LOCALIDAD CONECTADA;-35,0715;-58,86511111
441;BARRIO LA GLORIA;BUENOS AIRES;415;LOCALIDAD CONECTADA;-37,90758889;-57,78501111
452;BARRIO LOMAS ALTAS;BUENOS AIRES;61;LOCALIDAD CONECTADA;-35,58551111;-58,06786667
496;BARRIO SANTA PAULA;BUENOS AIRES;644;LOCALIDAD CONECTADA;-37,93163056;-57,68613889
521;BELLOCQ;BUENOS AIRES;542;LOCALIDAD CONECTADA;-35,919598;-61,534026
523;BENAVIDEZ;BUENOS AIRES;35870;LOCALIDAD CONECTADA;-34,41083333;-58,72027778
526;BENITO JUAREZ;BUENOS AIRES;14279;LOCALIDAD CONECTADA;-37,67955556;-59,81016667
531;BERDIER;BUENOS AIRES;177;LOCALIDAD CONECTADA;-34,39888889;-60,25111111
535;BERMUDEZ;BUENOS AIRES;72;LOCALIDAD CONECTADA;-34,69230556;-61,32461111
543;BERUTTI;BUENOS AIRES;1098;LOCALIDAD CONECTADA;-35,85957778;-62,51339722
551;BOCAYUVA;BUENOS AIRES;83;LOCALIDAD CONECTADA;-36,2045;-63,07622222
561;BRAGADO;BUENOS AIRES;33222;LOCALIDAD CONECTADA;-35,12833333;-60,47111111
601;CAMPANA;BUENOS AIRES;86860;LOCALIDAD CONECTADA;-34,18055556;-58,96888889
638;CAÑADA SECA;BUENOS AIRES;718;LOCALIDAD CONECTADA;-34,41813889;-62,95777778
642;CAÑUELAS;BUENOS AIRES;29974;LOCALIDAD CONECTADA;-35,025225;-58,73272778
650;CAPILLA DEL SEÑOR;BUENOS AIRES;9244;LOCALIDAD CONECTADA;-34,29258889;-59,10114444
659;CAPITAN SARMIENTO;BUENOS AIRES;13088;LOCALIDAD CONECTADA;-34,17188611;-59,79345
666;CARDENAL CAGLIERO;BUENOS AIRES;89;LOCALIDAD CONECTADA;-40,65080556;-62,75411111
667;CARHUE;BUENOS AIRES;9660;LOCALIDAD CONECTADA;-37,18036111;-62,76183889
670;CARLOS KEEN;BUENOS AIRES;557;LOCALIDAD CONECTADA;-34,48888889;-59,2175
671;CARLOS MARIA NAON;BUENOS AIRES;497;LOCALIDAD CONECTADA;-35,23848167;-60,824309
674;CARLOS TEJEDOR;BUENOS AIRES;5178;LOCALIDAD CONECTADA;-35,390125;-62,41308333
676;CARMEN DE ARECO;BUENOS AIRES;12775;LOCALIDAD CONECTADA;-34,38752778;-59,82036389
677;CARMEN DE PATAGONES;BUENOS AIRES;20533;LOCALIDAD CONECTADA;-40,78720833;-62,96825278
711;CASTILLA;BUENOS AIRES;689;LOCALIDAD CONECTADA;-34,61167778;-59,89820833
725;CAZON;BUENOS AIRES;209;LOCALIDAD CONECTADA;-35,57500833;-59,66033611
750;CHACABUCO;BUENOS AIRES;38418;LOCALIDAD CONECTADA;-34,62842222;-60,46585278
773;CHASCOMUS;BUENOS AIRES;33607;LOCALIDAD CONECTADA;-35,5737361;-58,0189694
774;CHASICO;BUENOS AIRES;203;LOCALIDAD CONECTADA;-38,335817;-62,644858
791;CHIVILCOY;BUENOS AIRES;58152;LOCALIDAD CONECTADA;-34,91888889;-59,99333333
843;COLON;BUENOS AIRES;23206;LOCALIDAD CONECTADA;-33,89786336;-61,09956051
887;COLONIA HINOJO;BUENOS AIRES;4033;LOCALIDAD CONECTADA;-36,865305;-60,160785
921;COLONIA SAN MARTIN;BUENOS AIRES;92;LOCALIDAD CONECTADA;-37,97597615;-62,33279726
964;CONESA;BUENOS AIRES;2066;LOCALIDAD CONECTADA;-33,592071;-60,357235
1004;CORONEL SUAREZ;BUENOS AIRES;23621;LOCALIDAD CONECTADA;-37,47297222;-61,92690833
1024;COUNTRY CLUB EL CASCO;BUENOS AIRES;452;LOCALIDAD CONECTADA;-34,12682778;-59,08610556
1031;CROTTO;BUENOS AIRES;247;LOCALIDAD CONECTADA;-36,57603333;-60,17097778
1045;CUCULLU;BUENOS AIRES;551;LOCALIDAD CONECTADA;-34,44530833;-59,36046944
1049;CURAMALAL;BUENOS AIRES;95;LOCALIDAD CONECTADA;-37,48565;-62,10691667
1050;CURARU;BUENOS AIRES;422;LOCALIDAD CONECTADA;-35,64127778;-62,19375
1057;DAIREAUX;BUENOS AIRES;12122;LOCALIDAD CONECTADA;-36,59658333;-61,74971111
1062;DE BARY;BUENOS AIRES;63;LOCALIDAD CONECTADA;-36,34075;-63,25986111
1067;DEL CARRIL;BUENOS AIRES;1270;LOCALIDAD CONECTADA;-35,50838889;-59,51580556
3785;DEL VISO;BUENOS AIRES;0;LOCALIDAD CONECTADA;-34,45436111;-58,79658333
4067;DERQUI;BUENOS AIRES;0;LOCALIDAD CONECTADA;-34,4913;-58,84225
1084;DIEGO GAYNOR;BUENOS AIRES;236;LOCALIDAD CONECTADA;-34,28715839;-59,2212097
1106;DUGGAN;BUENOS AIRES;573;LOCALIDAD CONECTADA;-34,21148889;-59,63817222
1120;EL ARBOLITO;BUENOS AIRES;199;LOCALIDAD CONECTADA;-33,914387;-60,945069
1162;EL DORADO;BUENOS AIRES;318;LOCALIDAD CONECTADA;-34,64856389;-61,58135
1200;EL PARAISO;BUENOS AIRES;423;LOCALIDAD CONECTADA;-33,56727778;-59,98036111
1241;EL SOCORRO - VILLA ANGELICA;BUENOS AIRES;1201;LOCALIDAD CONECTADA;-33,66437778;-60,70798056
1272;EMILIO AYARZA;BUENOS AIRES;87;LOCALIDAD CONECTADA;-34,74722;-60,04021
1273;EMILIO V. BUNGE;BUENOS AIRES;1986;LOCALIDAD CONECTADA;-34,78573889;-63,19333611
1373;FONTEZUELA;BUENOS AIRES;365;LOCALIDAD CONECTADA;-33,911901;-60,458912
1386;FORTIN TIBURCIO;BUENOS AIRES;257;LOCALIDAD CONECTADA;-34,34672;-61,132941
1391;FRANCISCO MADERO;BUENOS AIRES;1389;LOCALIDAD CONECTADA;-35,84960833;-62,06741111
1393;FRANKLIN;BUENOS AIRES;87;LOCALIDAD CONECTADA;-34,60917778;-59,62936111
1405;GAHAN;BUENOS AIRES;648;LOCALIDAD CONECTADA;-34,337277;-60,099472
1426;GENERAL ALVEAR;BUENOS AIRES;9812;LOCALIDAD CONECTADA;-36,021356;-60,002742
1429;GENERAL ARENALES;BUENOS AIRES;4321;LOCALIDAD CONECTADA;-34,30466349;-61,30566887
1432;GENERAL BELGRANO;BUENOS AIRES;15394;LOCALIDAD CONECTADA;-35,76403056;-58,48758889
1438;GENERAL DANIEL CERRI;BUENOS AIRES;6745;LOCALIDAD CONECTADA;-38,715294;-62,402205
1449;GENERAL JUAN MADARIAGA;BUENOS AIRES;18089;LOCALIDAD CONECTADA;-37,00547222;-57,11680556
1450;GENERAL LA MADRID;BUENOS AIRES;8073;LOCALIDAD CONECTADA;-37,24506111;-61,25305833
1469;GENERAL RIVAS;BUENOS AIRES;478;LOCALIDAD CONECTADA;-34,6082551;-59,74939136
1472;GENERAL RODRIGUEZ;BUENOS AIRES;85315;LOCALIDAD CONECTADA;-34,60744167;-58,96486944
1473;GENERAL ROJO;BUENOS AIRES;2464;LOCALIDAD CONECTADA;-33,466036;-60,284136
1477;GENERAL VILLEGAS;BUENOS AIRES;18275;LOCALIDAD CONECTADA;-35,046734;-63,015294
1482;GOBERNADOR CASTRO;BUENOS AIRES;2607;LOCALIDAD CONECTADA;-33,66151389;-59,87133611
1505;GONZALEZ MORENO;BUENOS AIRES;1610;LOCALIDAD CONECTADA;-35,55708212;-63,38075156
1507;GOROSTIAGA;BUENOS AIRES;324;LOCALIDAD CONECTADA;-34,83892;-59,8672
1509;GOWLAND;BUENOS AIRES;1738;LOCALIDAD CONECTADA;-34,654556;-59,3595
1528;GUAMINI;BUENOS AIRES;2845;LOCALIDAD CONECTADA;-37,01524167;-62,42320278
1544;GUERRICO;BUENOS AIRES;774;LOCALIDAD CONECTADA;-33,672828;-60,401365
1554;HENDERSON;BUENOS AIRES;8645;LOCALIDAD CONECTADA;-36,29738889;-61,72328611
1564;HERRERA VEGAS;BUENOS AIRES;115;LOCALIDAD CONECTADA;-36,086148;-61,408251
1567;HILARIO ASCASUBI;BUENOS AIRES;3427;LOCALIDAD CONECTADA;-39,37578096;-62,64847398
1625;INGENIERO THOMPSON;BUENOS AIRES;150;LOCALIDAD CONECTADA;-36,611728;-62,914335
1634;IRALA;BUENOS AIRES;400;LOCALIDAD CONECTADA;-34,7726194;-60,6908111
4013;IRIARTE;BUENOS AIRES;0;LOCALIDAD CONECTADA;-34,41622778;-61,928475
1667;JORGE BORN EX TOMAS JOFRE;BUENOS AIRES;201;LOCALIDAD CONECTADA;-34,70049972;-59,31645255
1673;JOSE MARIA JAUREGUI;BUENOS AIRES;9140;LOCALIDAD CONECTADA;-34,60285533;-59,17575291
1677;JUAN A. DE LA PEÑA;BUENOS AIRES;211;LOCALIDAD CONECTADA;-33,830587;-60,487968
1678;JUAN A. PRADERE;BUENOS AIRES;521;LOCALIDAD CONECTADA;-39,60130556;-62,65047222
1679;JUAN ANCHORENA;BUENOS AIRES;976;LOCALIDAD CONECTADA;-33,925028;-60,382051
1682;JUAN BAUTISTA ALBERDI;BUENOS AIRES;3404;LOCALIDAD CONECTADA;-34,4379944;-61,8098167
1689;JUAN JOSE PASO;BUENOS AIRES;2176;LOCALIDAD CONECTADA;-35,85516231;-62,29805568
1699;JUNIN;BUENOS AIRES;87509;LOCALIDAD CONECTADA;-34,56901944;-60,93161111
1719;LA AURORA;BUENOS AIRES;531;LOCALIDAD CONECTADA;-35,408035;-61,207458
1751;LA COLINA;BUENOS AIRES;663;LOCALIDAD CONECTADA;-37,360116;-61,540074
1769;LA EMILIA;BUENOS AIRES;5325;LOCALIDAD CONECTADA;-33,353608;-60,313197
1803;LA LUISA;BUENOS AIRES;230;LOCALIDAD CONECTADA;-34,13006667;-59,93204167
1830;LA PLATA;BUENOS AIRES;643133;LOCALIDAD CONECTADA;-34,94259167;-57,97458056
1851;LA RICA;BUENOS AIRES;118;LOCALIDAD CONECTADA;-34,97243244;-59,86162235
1884;LAGUNA ALSINA;BUENOS AIRES;1677;LOCALIDAD CONECTADA;-36,807011;-62,250944
1889;LAGUNA DE LOBOS;BUENOS AIRES;509;LOCALIDAD CONECTADA;-35,274742;-59,134056
1897;LAGUNA VITEL;BUENOS AIRES;41;LOCALIDAD CONECTADA;-35,54325;-58,137444
1909;LAPLACETTE;BUENOS AIRES;22;LOCALIDAD CONECTADA;-34,720701;-61,155771
1910;LAPRIDA;BUENOS AIRES;8840;LOCALIDAD CONECTADA;-37,546806;-60,812333
1919;LAS ARMAS;BUENOS AIRES;365;LOCALIDAD CONECTADA;-37,0842;-57,827286
1998;LAS TONINAS;BUENOS AIRES;5278;LOCALIDAD CONECTADA;-36,488492;-56,701869
2013;LEANDRO N. ALEM;BUENOS AIRES;2468;LOCALIDAD CONECTADA;-34,5226194;-61,3909916
2028;LIMA;BUENOS AIRES;10219;LOCALIDAD CONECTADA;-34,04135041;-59,19685753
2030;LINCOLN;BUENOS AIRES;28051;LOCALIDAD CONECTADA;-34,868833;-61,5125
2035;LOBOS;BUENOS AIRES;29868;LOCALIDAD CONECTADA;-35,19045;-59,082083
2046;LOMAS DEL RIO LUJAN;BUENOS AIRES;261;LOCALIDAD CONECTADA;-34,281169;-58,891861
2050;LOPEZ;BUENOS AIRES;138;LOCALIDAD CONECTADA;-37,552344;-59,628589
2052;LOPEZ LECUBE;BUENOS AIRES;32;LOCALIDAD CONECTADA;-38,117941;-62,725311
2060;LOS ANGELES;BUENOS AIRES;54;LOCALIDAD CONECTADA;-34,45546;-60,17889
2115;LOS PINOS;BUENOS AIRES;337;LOCALIDAD CONECTADA;-37,943169;-58,324894
2133;LOS TOLDOS;BUENOS AIRES;14496;LOCALIDAD CONECTADA;-35,001583;-61,040231
2148;LUCAS MONTEVERDE;BUENOS AIRES;63;LOCALIDAD CONECTADA;-35,485103;-59,989922
2156;LUJAN;BUENOS AIRES;97363;LOCALIDAD CONECTADA;-34,579061;-59,109503
2172;MAGDALA;BUENOS AIRES;195;LOCALIDAD CONECTADA;-36,08532;-61,722633
2198;MANUEL OCAMPO;BUENOS AIRES;1078;LOCALIDAD CONECTADA;-33,765386;-60,650369
2203;MAR AZUL;BUENOS AIRES;1797;LOCALIDAD CONECTADA;-37,33247155;-57,04112503
2204;MAR CHIQUITA;BUENOS AIRES;533;LOCALIDAD CONECTADA;-37,742686;-57,433025
2206;MAR DE COBO;BUENOS AIRES;760;LOCALIDAD CONECTADA;-37,773969;-57,453917
2207;MAR DEL PLATA;BUENOS AIRES;593337;LOCALIDAD CONECTADA;-37,9973778;-57,5503917
2211;MARCELINO UGARTE;BUENOS AIRES;76;LOCALIDAD CONECTADA;-35,351789;-60,745025
2213;MARCOS PAZ;BUENOS AIRES;50460;LOCALIDAD CONECTADA;-34,85748611;-58,89065
2224;MARIANO BENITEZ;BUENOS AIRES;168;LOCALIDAD CONECTADA;-33,70775;-60,584667
2226;MARIANO H. ALFONSO;BUENOS AIRES;1043;LOCALIDAD CONECTADA;-33,91575;-60,836028
2243;MAYOR BURATOVICH;BUENOS AIRES;5372;LOCALIDAD CONECTADA;-39,26159167;-62,61654722
2262;MERCEDES;BUENOS AIRES;56116;LOCALIDAD CONECTADA;-34,675156;-59,440553
2335;MORSE;BUENOS AIRES;563;LOCALIDAD CONECTADA;-34,758847;-60,840369
2347;NAPALEUFU;BUENOS AIRES;374;LOCALIDAD CONECTADA;-37,628944;-58,747564
2353;NAVARRO;BUENOS AIRES;13224;LOCALIDAD CONECTADA;-35,008928;-59,281853
2379;NUEVA PLATA;BUENOS AIRES;206;LOCALIDAD CONECTADA;-35,92114;-61,810266
2395;O'HIGGINS;BUENOS AIRES;1266;LOCALIDAD CONECTADA;-34,5838;-60,703739
2403;OLAVARRIA;BUENOS AIRES;89721;LOCALIDAD CONECTADA;-36,885419;-60,309583
2408;OLIVERA;BUENOS AIRES;1926;LOCALIDAD CONECTADA;-34,627317;-59,2554
2414;OPEN DOOR;BUENOS AIRES;5265;LOCALIDAD CONECTADA;-34,490486;-59,074358
2465;PARADA ROBLES - PAVON;BUENOS AIRES;8941;LOCALIDAD CONECTADA;-34,37675;-59,117917
2473;PARAJE PAVON - LA ESMERALDA;BUENOS AIRES;989;LOCALIDAD CONECTADA;-36,712594;-56,732797
2501;PATRICIOS;BUENOS AIRES;745;LOCALIDAD CONECTADA;-35,439027;-60,716524
2512;PEDRO LURO;BUENOS AIRES;9494;LOCALIDAD CONECTADA;-39,502842;-62,680856
2514;PEHUAJO;BUENOS AIRES;31533;LOCALIDAD CONECTADA;-35,808664;-61,886181
2515;PELLEGRINI;BUENOS AIRES;5115;LOCALIDAD CONECTADA;-36,270811;-63,157499
2520;PERGAMINO;BUENOS AIRES;91399;LOCALIDAD CONECTADA;-33,860639;-60,571472
2538;PIEDRITAS;BUENOS AIRES;2160;LOCALIDAD CONECTADA;-34,774083;-62,983417
2541;PIGÜE;BUENOS AIRES;14383;LOCALIDAD CONECTADA;-37,604389;-62,410028
2543;PILAR;BUENOS AIRES;296826;LOCALIDAD CONECTADA;-34,458664;-58,8661
2549;PINAMAR;BUENOS AIRES;25397;LOCALIDAD CONECTADA;-37,117656;-56,896778
2625;PUAN;BUENOS AIRES;4743;LOCALIDAD CONECTADA;-37,549146;-62,768711
2634;PUEBLO GOUIN;BUENOS AIRES;122;LOCALIDAD CONECTADA;-34,49266;-59,80441
2727;RAFAEL OBLIGADO;BUENOS AIRES;901;LOCALIDAD CONECTADA;-34,355977;-60,782604
2731;RAMALLO;BUENOS AIRES;13319;LOCALIDAD CONECTADA;-33,49335833;-60,01433611
2741;RANCAGUA;BUENOS AIRES;695;LOCALIDAD CONECTADA;-34,030475;-60,501369
2743;RANCHOS;BUENOS AIRES;7916;LOCALIDAD CONECTADA;-35,519417;-58,309639
2748;RAUCH;BUENOS AIRES;12705;LOCALIDAD CONECTADA;-36,775611;-59,077289
2749;RAWSON;BUENOS AIRES;2123;LOCALIDAD CONECTADA;-34,60525;-60,06969
2799;RIO TALA;BUENOS AIRES;1814;LOCALIDAD CONECTADA;-33,76966086;-59,63911192
2806;RIVERA;BUENOS AIRES;3217;LOCALIDAD CONECTADA;-37,155926;-63,244268
2818;ROJAS;BUENOS AIRES;19766;LOCALIDAD CONECTADA;-34,208253;-60,72754
2823;ROQUE PEREZ;BUENOS AIRES;10358;LOCALIDAD CONECTADA;-35,401994;-59,340283
2841;SAAVEDRA;BUENOS AIRES;2276;LOCALIDAD CONECTADA;-37,762572;-62,347044
2845;SAFORCADA;BUENOS AIRES;431;LOCALIDAD CONECTADA;-34,577542;-61,075861
2850;SALADILLO;BUENOS AIRES;26763;LOCALIDAD CONECTADA;-35,634893;-59,786639
2858;SALIQUELO;BUENOS AIRES;7617;LOCALIDAD CONECTADA;-36,751767;-62,9604
2862;SALTO;BUENOS AIRES;27466;LOCALIDAD CONECTADA;-34,30625;-60,246444
2868;SALVADOR MARIA;BUENOS AIRES;830;LOCALIDAD CONECTADA;-35,300167;-59,172833
2878;SAN ANDRES DE GILES;BUENOS AIRES;16243;LOCALIDAD CONECTADA;-34,447194;-59,441972
2886;SAN ANTONIO DE ARECO;BUENOS AIRES;19768;LOCALIDAD CONECTADA;-34,242144;-59,474158
2902;SAN CARLOS DE BOLIVAR;BUENOS AIRES;26242;LOCALIDAD CONECTADA;-36,23825153;-61,12312154
2961;SAN JOSE;BUENOS AIRES;2234;LOCALIDAD CONECTADA;-37,50651014;-61,92107029
3007;SAN MIGUEL DEL MONTE;BUENOS AIRES;17005;LOCALIDAD CONECTADA;-35,447556;-58,81475
3010;SAN NICOLAS DE LOS ARROYOS;BUENOS AIRES;133602;LOCALIDAD CONECTADA;-33,338883;-60,200961
3035;SAN SEBASTIAN;BUENOS AIRES;166;LOCALIDAD CONECTADA;-34,9434722;-59,7043055
3037;SAN VICENTE;BUENOS AIRES;58165;LOCALIDAD CONECTADA;-35,026691;-58,434686
3059;SANTA CLARA DEL MAR;BUENOS AIRES;7713;LOCALIDAD CONECTADA;-37,842042;-57,507356
3086;SANTA REGINA;BUENOS AIRES;554;LOCALIDAD CONECTADA;-34,54884671;-63,17312058
3104;SANTA TRINIDAD;BUENOS AIRES;1474;LOCALIDAD CONECTADA;-37,48786389;-61,92400278
3156;SIERRA DE LOS PADRES;BUENOS AIRES;4249;LOCALIDAD CONECTADA;-37,9369;-57,78494
3179;SOLIS;BUENOS AIRES;1001;LOCALIDAD CONECTADA;-34,297386;-59,323536
3183;STROEDER;BUENOS AIRES;1998;LOCALIDAD CONECTADA;-40,188158;-62,621825
3187;SUIPACHA;BUENOS AIRES;8403;LOCALIDAD CONECTADA;-34,776292;-59,696286
3214;TANDIL;BUENOS AIRES;116916;LOCALIDAD CONECTADA;-37,29973889;-59,13361111
3217;TAPALQUE;BUENOS AIRES;7444;LOCALIDAD CONECTADA;-36,360978;-60,031272
3234;TENIENTE ORIGONE;BUENOS AIRES;145;LOCALIDAD CONECTADA;-39,061344;-62,571014
3256;TODD;BUENOS AIRES;732;LOCALIDAD CONECTADA;-34,034443;-60,153441
3264;TORNQUIST;BUENOS AIRES;6473;LOCALIDAD CONECTADA;-38,105861;-62,216778
3267;TORRES;BUENOS AIRES;2664;LOCALIDAD CONECTADA;-34,429694;-59,131639
3282;TRENQUE LAUQUEN;BUENOS AIRES;33442;LOCALIDAD CONECTADA;-35,971336;-62,748289
3283;TRES ALGARROBOS;BUENOS AIRES;3201;LOCALIDAD CONECTADA;-35,196;-62,772722
3291;TRES LOMAS;BUENOS AIRES;8061;LOCALIDAD CONECTADA;-36,465908;-62,865686
3317;URIBELARREA;BUENOS AIRES;1282;LOCALIDAD CONECTADA;-35,123633;-58,891403
3339;VEDIA;BUENOS AIRES;8827;LOCALIDAD CONECTADA;-34,491353;-61,547914
3368;VILLA ALSINA;BUENOS AIRES;1488;LOCALIDAD CONECTADA;-33,907189;-59,392931
3394;VILLA CASTELAR;BUENOS AIRES;31;LOCALIDAD CONECTADA;-37,3929833;-62,8046277
3464;VILLA GENERAL SAVIO;BUENOS AIRES;1511;LOCALIDAD CONECTADA;-33,438278;-60,147944
3465;VILLA GESELL;BUENOS AIRES;29593;LOCALIDAD CONECTADA;-37,256008;-56,974533
3489;VILLA LAGUNA LA BRAVA;BUENOS AIRES;115;LOCALIDAD CONECTADA;-37,856886;-57,980419
3538;VILLA RAMALLO;BUENOS AIRES;11280;LOCALIDAD CONECTADA;-33,502018;-60,066802
3550;VILLA RUIZ;BUENOS AIRES;477;LOCALIDAD CONECTADA;-34,4307416;-59,2613166
3595;VILLALONGA;BUENOS AIRES;4517;LOCALIDAD CONECTADA;-39,911217;-62,615278
3596;VILLANUEVA;BUENOS AIRES;537;LOCALIDAD CONECTADA;-35,675036;-58,435992
3600;VIÑA;BUENOS AIRES;464;LOCALIDAD CONECTADA;-33,989853;-60,23051
3638;ZARATE;BUENOS AIRES;98522;LOCALIDAD CONECTADA;-34,105194;-59,048278
3639;ZAVALIA;BUENOS AIRES;327;LOCALIDAD CONECTADA;-34,89458;-61,007927
1287;CABA;CABA;2954644;LOCALIDAD CONECTADA;-34,602426;-58,379641
207;AMADORES;CATAMARCA;172;LOCALIDAD CONECTADA;-28,261783;-65,637833
514;BELEN;CATAMARCA;12256;LOCALIDAD CONECTADA;-27,64672222;-67,02038889
643;CAPAYAN;CATAMARCA;636;LOCALIDAD CONECTADA;-28,760092;-66,048739
707;CASPICHANGO;CATAMARCA;39;LOCALIDAD CONECTADA;-26,732878;-65,952222
745;CERRO NEGRO;CATAMARCA;24;LOCALIDAD CONECTADA;-28,259194;-67,135444
762;CHAÑAR PUNCO;CATAMARCA;1736;LOCALIDAD CONECTADA;-26,709442;-66,066752
807;CHUMBICHA;CATAMARCA;4531;LOCALIDAD CONECTADA;-28,8570138;-66,2354666
875;COLONIA DEL VALLE;CATAMARCA;854;LOCALIDAD CONECTADA;-28,653058;-65,868058
906;COLONIA NUEVA CONETA;CATAMARCA;1951;LOCALIDAD CONECTADA;-28,579003;-65,834958
963;CONDOR HUASI;CATAMARCA;254;LOCALIDAD CONECTADA;-27,495422;-67,095831
965;CONETA;CATAMARCA;653;LOCALIDAD CONECTADA;-28,585833;-65,890556
1158;EL DESMONTE;CATAMARCA;144;LOCALIDAD CONECTADA;-26,88487778;-66,09943611
1210;EL PORTEZUELO;CATAMARCA;410;LOCALIDAD CONECTADA;-28,4722222;-65,6361111
1215;EL PUEBLITO;CATAMARCA;58;LOCALIDAD CONECTADA;-28,289861;-67,162722
1234;EL SALADO;CATAMARCA;574;LOCALIDAD CONECTADA;-28,304858;-67,246761
1349;FAMATANCA;CATAMARCA;589;LOCALIDAD CONECTADA;-26,778611;-66,082833
1402;FUERTE QUEMADO;CATAMARCA;459;LOCALIDAD CONECTADA;-26,62673527;-66,04818923
1581;HUALFIN;CATAMARCA;987;LOCALIDAD CONECTADA;-27,223389;-66,833444
1586;HUAYCAMA 1;CATAMARCA;166;LOCALIDAD CONECTADA;-28,513931;-65,672817
1591;HUILLAPIMA;CATAMARCA;2416;LOCALIDAD CONECTADA;-28,724342;-65,976894
1654;JACIPUNCO;CATAMARCA;361;LOCALIDAD CONECTADA;-27,242214;-67,005042
1923;LA BAJADA;CATAMARCA;141;LOCALIDAD CONECTADA;-28,381619;-65,620669
1810;LA MERCED;CATAMARCA;1759;LOCALIDAD CONECTADA;-28,153925;-65,660364
1842;LA PUNTILLA;CATAMARCA;236;LOCALIDAD CONECTADA;-27,68553545;-66,99396451
1873;LA VIÑA;CATAMARCA;129;LOCALIDAD CONECTADA;-28,03724065;-65,59662627
3742;LAS JUNTAS;CATAMARCA;304;LOCALIDAD CONECTADA;-27,53592222;-67,11920833
1971;LAS MOJARRAS;CATAMARCA;959;LOCALIDAD CONECTADA;-26,673578;-66,057472
2048;LONDRES;CATAMARCA;2456;LOCALIDAD CONECTADA;-27,716881;-67,139125
2055;LORO HUASI;CATAMARCA;1547;LOCALIDAD CONECTADA;-26,736158;-66,053408
2108;LOS NACIMIENTOS;CATAMARCA;215;LOCALIDAD CONECTADA;-27,165444;-66,7355
2283;MIRAFLORES;CATAMARCA;1650;LOCALIDAD CONECTADA;-28,5979916;-65,9039055
2316;MONTE POTRERO;CATAMARCA;186;LOCALIDAD CONECTADA;-28,180058;-65,662561
2440;PALO LABRADO;CATAMARCA;223;LOCALIDAD CONECTADA;-28,318328;-65,619367
2656;PUERTA DE CORRAL QUEMADO;CATAMARCA;575;LOCALIDAD CONECTADA;-27,225836;-66,922222
2657;PUERTA DE SAN JOSE;CATAMARCA;277;LOCALIDAD CONECTADA;-27,548972;-67,004678
2697;PUNTA DE BALASTO;CATAMARCA;177;LOCALIDAD CONECTADA;-26,952478;-66,134342
2723;QUIROS;CATAMARCA;1156;LOCALIDAD CONECTADA;-28,785864;-65,111003
2758;RECREO;CATAMARCA;11847;LOCALIDAD CONECTADA;-26,805606;-66,072725
2921;SAN FERNANDO DEL VALLE DE CATAMARCA;CATAMARCA;167096;LOCALIDAD CONECTADA;-28,4573;-65,7664
3747;SAN JOSE;CATAMARCA;10242;LOCALIDAD CONECTADA;-26,805606;-66,072725
2958;SAN JOSE;CATAMARCA;10242;LOCALIDAD CONECTADA;-26,805606;-66,072725
3061;SANTA CRUZ;CATAMARCA;122;LOCALIDAD CONECTADA;-28,500486;-65,668192
3079;SANTA MARIA;CATAMARCA;11648;LOCALIDAD CONECTADA;-26,698689;-66,041042
3591;VILLA VIL;CATAMARCA;481;LOCALIDAD CONECTADA;-27,093541;-66,823508
3625;YAPES;CATAMARCA;129;LOCALIDAD CONECTADA;-26,84455556;-66,078025
324;AVIA TERAI;CHACO;6203;LOCALIDAD CONECTADA;-26,686306;-60,729694
769;CHARADAI;CHACO;1519;LOCALIDAD CONECTADA;-27,65433056;-59,86046667
846;COLONIA ABORIGEN;CHACO;1272;LOCALIDAD CONECTADA;-26,956367;-60,203231
863;COLONIA BENITEZ;CHACO;2212;LOCALIDAD CONECTADA;-27,332506;-58,946917
912;COLONIA POPULAR;CHACO;191;LOCALIDAD CONECTADA;-27,276111;-59,148694
960;CONCEPCION DEL BERMEJO;CHACO;5309;LOCALIDAD CONECTADA;-26,599389;-60,948417
1023;COTE LAI;CHACO;1323;LOCALIDAD CONECTADA;-27,52838797;-59,57113735
1372;FONTANA;CHACO;32027;LOCALIDAD CONECTADA;-27,418097;-59,032583
1513;GRAL. VEDIA;CHACO;1839;LOCALIDAD CONECTADA;-26,93564134;-58,66088071
1770;LA ESCONDIDA;CHACO;3261;LOCALIDAD CONECTADA;-27,104167;-59,446389
1796;LA LEONESA GNA;CHACO;0;LOCALIDAD CONECTADA;-27,038889;-58,706944
1856;LA SABANA;CHACO;242;LOCALIDAD CONECTADA;-27,871444;-59,938389
1885;LAGUNA BLANCA;CHACO;547;LOCALIDAD CONECTADA;-25,13119167;-58,24661111
1908;LAPACHITO;CHACO;888;LOCALIDAD CONECTADA;-27,15928936;-59,38765397
1976;LAS PALMAS;CHACO;4914;LOCALIDAD CONECTADA;-27,049133;-58,681158
2090;LOS FRENTONES;CHACO;5520;LOCALIDAD CONECTADA;-26,41154656;-61,40874265
2179;MAKALLE;CHACO;4322;LOCALIDAD CONECTADA;-27,20838007;-59,28647758
2348;NAPALPI;CHACO;39;LOCALIDAD CONECTADA;-26,900689;-60,130147
2449;PAMPA DEL INFIERNO;CHACO;9063;LOCALIDAD CONECTADA;-26,50404704;-61,17636214
2614;PRESIDENCIA DE LA PLAZA;CHACO;9642;LOCALIDAD CONECTADA;-27,004389;-59,834389
2616;PRESIDENCIA ROQUE SAENZ PEÑA;CHACO;89882;LOCALIDAD CONECTADA;-26,79169444;-60,42769722
2661;PUERTO BERMEJO NUEVO;CHACO;1733;LOCALIDAD CONECTADA;-26,907944;-58,54475
2662;PUERTO BERMEJO VIEJO;CHACO;86;LOCALIDAD CONECTADA;-26,928028;-58,509333
2666;PUERTO EVA PERON;CHACO;609;LOCALIDAD CONECTADA;-26,66416111;-58,63248333
2765;RESISTENCIA;CHACO;290723;LOCALIDAD CONECTADA;-27,45595;-58,987239
3198;TACO POZO;CHACO;7813;LOCALIDAD CONECTADA;-25,61474722;-63,26638889
196;ALTO RIO SENGUER;CHUBUT;1570;LOCALIDAD CONECTADA;-45,036475;-70,812069
1175;EL HOYO;CHUBUT;1477;LOCALIDAD CONECTADA;-42,06164873;-71,49517054
1281;EPUYEN;CHUBUT;1038;LOCALIDAD CONECTADA;-42,228372;-71,355086
1292;ESQUEL;CHUBUT;32343;LOCALIDAD CONECTADA;-42,908185;-71,287467
1483;GOBERNADOR COSTA;CHUBUT;2251;LOCALIDAD CONECTADA;-44,054711;-70,609203
1671;JOSE DE SAN MARTIN;CHUBUT;1612;LOCALIDAD CONECTADA;-44,049031;-70,476822
1881;LAGO EPUYEN;CHUBUT;392;LOCALIDAD CONECTADA;-42,218335;-71,416638
1882;LAGO PUELO;CHUBUT;3129;LOCALIDAD CONECTADA;-42,02600217;-71,54626756
2792;RIO MAYO;CHUBUT;2791;LOCALIDAD CONECTADA;-45,691042;-70,249681
3228;TECKA;CHUBUT;1237;LOCALIDAD CONECTADA;-43,500344;-70,804908
113;ADELIA MARIA;CORDOBA;7586;LOCALIDAD CONECTADA;-33,633258;-64,012922
142;ALCIRA GIGENA;CORDOBA;5919;LOCALIDAD CONECTADA;-32,7538474;-64,34025712
178;ALMAFUERTE;CORDOBA;11422;LOCALIDAD CONECTADA;-32,19078889;-64,26303611
285;ARROYITO;CORDOBA;22147;LOCALIDAD CONECTADA;-31,415964;-63,044611
320;AVELLANEDA;CORDOBA;282;LOCALIDAD CONECTADA;-30,595061;-64,20645
347;BALLESTEROS;CORDOBA;3928;LOCALIDAD CONECTADA;-32,544244;-62,975397
367;BAÑADO DE SOTO;CORDOBA;466;LOCALIDAD CONECTADA;-30,794461;-65,052825
516;BELL VILLE;CORDOBA;34765;LOCALIDAD CONECTADA;-32,612997;-62,694325
542;BERROTARAN;CORDOBA;6869;LOCALIDAD CONECTADA;-32,449162;-64,393537
557;BOUWER;CORDOBA;656;LOCALIDAD CONECTADA;-31,557942;-64,193089
568;BULNES;CORDOBA;1051;LOCALIDAD CONECTADA;-33,501514;-64,678982
646;CAPILLA DE LOS REMEDIOS;CORDOBA;797;LOCALIDAD CONECTADA;-31,42955833;-63,83223056
680;CARNERILLO;CORDOBA;1867;LOCALIDAD CONECTADA;-32,91162862;-64,02265127
702;CASEROS CENTRO;CORDOBA;243;LOCALIDAD CONECTADA;-31,56156389;-64,14769722
753;CHAJAN;CORDOBA;767;LOCALIDAD CONECTADA;-33,55332896;-65,00178909
805;CHUCUL;CORDOBA;304;LOCALIDAD CONECTADA;-33,010791;-64,1704097
4079;CHUCUL;CORDOBA;304;LOCALIDAD CONECTADA;-33,019067;-64,183133
808;CHUÑA;CORDOBA;550;LOCALIDAD CONECTADA;-30,46912222;-64,66612222
978;CORDOBA;CORDOBA;1317298;LOCALIDAD CONECTADA;-31,43919444;-64,18978056
983;CORONEL BAIGORRIA;CORDOBA;1456;LOCALIDAD CONECTADA;-32,85049429;-64,36101665
998;CORONEL MOLDES;CORDOBA;9005;LOCALIDAD CONECTADA;-33,616438;-64,592501
1010;CORRALITO;CORDOBA;1727;LOCALIDAD CONECTADA;-32,01735154;-64,19924005
1040;CRUZ DEL EJE;CORDOBA;30680;LOCALIDAD CONECTADA;-30,72420556;-64,80055833
1058;DALMACIO VELEZ;CORDOBA;1497;LOCALIDAD CONECTADA;-32,612183;-63,578467
1065;DEAN FUNES;CORDOBA;21211;LOCALIDAD CONECTADA;-30,42289444;-64,35716111
1074;DESPEÑADEROS;CORDOBA;5758;LOCALIDAD CONECTADA;-31,81759444;-64,29596389
1077;DEVOTO;CORDOBA;6057;LOCALIDAD CONECTADA;-31,40551389;-62,30051667
1140;EL CHACHO;CORDOBA;154;LOCALIDAD CONECTADA;-30,79963056;-65,65626389
1173;EL FUERTECITO;CORDOBA;297;LOCALIDAD CONECTADA;-31,40458611;-62,97202778
1249;EL TIO;CORDOBA;1903;LOCALIDAD CONECTADA;-31,38136667;-62,82955556
1264;ELENA;CORDOBA;2985;LOCALIDAD CONECTADA;-32,568444;-64,397662
1433;GENERAL CABRERA;CORDOBA;11734;LOCALIDAD CONECTADA;-32,808836;-63,859931
1442;GENERAL FOTHERINGHAM;CORDOBA;313;LOCALIDAD CONECTADA;-32,32371182;-63,86801486
1454;GENERAL LEVALLE;CORDOBA;5697;LOCALIDAD CONECTADA;-34,00695;-63,9153
1461;GENERAL PAZ;CORDOBA;1925;LOCALIDAD CONECTADA;-31,13606389;-64,14015
1559;HERNANDO;CORDOBA;10109;LOCALIDAD CONECTADA;-32,55386667;-63,5985
1560;HERNANDO CIUDAD;CORDOBA;10614;LOCALIDAD CONECTADA;-32,422836;-63,738783
1663;JESUS MARIA;CORDOBA;31602;LOCALIDAD CONECTADA;-30,9861498;-64,08999883
1709;KILOMETRO 658;CORDOBA;365;LOCALIDAD CONECTADA;-31,37046825;-63,53287555
1720;LA BAJADA;CORDOBA;97;LOCALIDAD CONECTADA;-32,094729;-64,330916
1778;LA FRANCIA;CORDOBA;3720;LOCALIDAD CONECTADA;-31,40524167;-62,63394444
1878;LABOULAYE;CORDOBA;20534;LOCALIDAD CONECTADA;-34,12267222;-63,39315278
1893;LAGUNA LARGA;CORDOBA;7437;LOCALIDAD CONECTADA;-31,77523889;-63,79956111
1983;LAS PERDICES;CORDOBA;5084;LOCALIDAD CONECTADA;-32,69505;-63,6996
2006;LAS VERTIENTES;CORDOBA;766;LOCALIDAD CONECTADA;-33,286492;-64,580719
2020;LEONES;CORDOBA;10391;LOCALIDAD CONECTADA;-32,67161389;-62,314725
2086;LOS CONDORES;CORDOBA;2879;LOCALIDAD CONECTADA;-32,32466742;-64,28291828
2102;LOS MOLINOS;CORDOBA;260;LOCALIDAD CONECTADA;-31,854925;-64,37757778
2117;LOS POZOS;CORDOBA;91;LOCALIDAD CONECTADA;-30,51999444;-64,253675
2143;LOZADA;CORDOBA;1013;LOCALIDAD CONECTADA;-31,64772778;-64,09054167
2150;LUCIO V MANSILLA;CORDOBA;782;LOCALIDAD CONECTADA;-29,802278;-64,708222
2185;MALENA;CORDOBA;368;LOCALIDAD CONECTADA;-33,49053014;-64,43718517
2193;MANFREDI;CORDOBA;961;LOCALIDAD CONECTADA;-31,846425;-63,74310833
2212;MARCOS JUAREZ;CORDOBA;27004;LOCALIDAD CONECTADA;-32,692886;-62,089983
2308;MONTE DE LOS GAUCHOS;CORDOBA;675;LOCALIDAD CONECTADA;-33,63819444;-63,89060278
2318;MONTE RALO;CORDOBA;518;LOCALIDAD CONECTADA;-31,908533;-64,241408
2334;MORRISON;CORDOBA;3345;LOCALIDAD CONECTADA;-32,58661944;-62,83454722
2406;OLIVA;CORDOBA;11672;LOCALIDAD CONECTADA;-32,03630964;-63,57058285
2413;ONCATIVO;CORDOBA;13180;LOCALIDAD CONECTADA;-31,909667;-63,681028
2481;PARQUE NORTE - CIUDAD DE LOS NIDOS - VIL;CORDOBA;5996;LOCALIDAD CONECTADA;-31,29548889;-64,17578333
2495;PASO VIEJO;CORDOBA;1033;LOCALIDAD CONECTADA;-30,76697778;-65,19025
2545;PILAR;CORDOBA;14735;LOCALIDAD CONECTADA;-31,68173889;-63,88044444
2717;QUILINO;CORDOBA;4092;LOCALIDAD CONECTADA;-30,21365341;-64,49597644
2726;RAFAEL GARCIA;CORDOBA;555;LOCALIDAD CONECTADA;-31,64705556;-64,25920556
2786;RIO CUARTO;CORDOBA;157010;LOCALIDAD CONECTADA;-33,10645278;-64,38693056
2796;RIO PRIMERO;CORDOBA;7044;LOCALIDAD CONECTADA;-31,334806;-63,621111
2800;RIO TERCERO;CORDOBA;46421;LOCALIDAD CONECTADA;-32,17153489;-64,09687002
2824;ROSALES;CORDOBA;525;LOCALIDAD CONECTADA;-34,17432009;-63,15289388
4072;SAMPACHO;CORDOBA;7716;LOCALIDAD CONECTADA;-33,38741389;-64,73015833
2873;SAN AGUSTIN;CORDOBA;3317;LOCALIDAD CONECTADA;-31,97598444;-64,37764921
2892;SAN BASILIO;CORDOBA;3160;LOCALIDAD CONECTADA;-33,49868;-64,312453
2922;SAN FRANCISCO;CORDOBA;61750;LOCALIDAD CONECTADA;-31,42003889;-62,109325
2969;SAN JOSE DE LAS SALINAS;CORDOBA;662;LOCALIDAD CONECTADA;-30,00833744;-64,62203346
2989;SAN MARCOS SUD;CORDOBA;3248;LOCALIDAD CONECTADA;-32,63026944;-62,48245
3054;SANTA CATALINA;CORDOBA;74;LOCALIDAD CONECTADA;-33,205201;-64,43408
3109;SANTIAGO TEMPLE;CORDOBA;2779;LOCALIDAD CONECTADA;-31,38528333;-63,41868611
3128;SARMIENTO;CORDOBA;1288;LOCALIDAD CONECTADA;-30,77575;-64,10851389
3151;SERREZUELA;CORDOBA;2441;LOCALIDAD CONECTADA;-30,63915471;-65,39251412
3168;SINSACATE;CORDOBA;1317;LOCALIDAD CONECTADA;-30,943036;-64,094772
3171;SOCAVONES;CORDOBA;263;LOCALIDAD CONECTADA;-31,52745;-64,14669444
3213;TANCACHA;CORDOBA;5298;LOCALIDAD CONECTADA;-32,23435833;-63,9839
3251;TIO PUJIO;CORDOBA;2655;LOCALIDAD CONECTADA;-32,286138;-63,353455
3277;TRANSITO;CORDOBA;2886;LOCALIDAD CONECTADA;-31,424575;-63,19341944
3299;TUCLAME;CORDOBA;907;LOCALIDAD CONECTADA;-30,7472791;-65,23772051
3354;VICUÑA MACKENNA;CORDOBA;10021;LOCALIDAD CONECTADA;-33,92585278;-64,38504722
3417;VILLA DE SOTO;CORDOBA;9628;LOCALIDAD CONECTADA;-30,85405556;-65,01383333
3430;VILLA DEL TOTORAL;CORDOBA;8211;LOCALIDAD CONECTADA;-30,7045167;-64,05856389
3431;VILLA DEL TRANSITO;CORDOBA;227;LOCALIDAD CONECTADA;-31,44573889;-63,19451111
3473;VILLA GUTIERREZ;CORDOBA;236;LOCALIDAD CONECTADA;-30,67965696;-64,16012712
3502;VILLA LOS LLANOS;CORDOBA;6272;LOCALIDAD CONECTADA;-31,27766111;-64,16426944
3510;VILLA MARIA;CORDOBA;79351;LOCALIDAD CONECTADA;-32,42468851;-63,3094768
519;BELLA VISTA;CORRIENTES;29071;LOCALIDAD CONECTADA;-28,517925;-59,03736111
554;BONPLAND;CORRIENTES;1029;LOCALIDAD CONECTADA;-29,81708333;-57,42736111
1012;CORRIENTES;CORRIENTES;346334;LOCALIDAD CONECTADA;-27,4738916;-58,8535194
1038;CRUZ DE LOS MILAGROS;CORRIENTES;143;LOCALIDAD CONECTADA;-28,83697222;-59,00372222
1244;EL SOMBRERO;CORRIENTES;707;LOCALIDAD CONECTADA;-27,70127778;-58,76213889
1276;EMPEDRADO;CORRIENTES;9258;LOCALIDAD CONECTADA;-27,9530323;-58,80502364
1293;ESQUINA;CORRIENTES;19081;LOCALIDAD CONECTADA;-30,01525;-59,52844444
1510;GOYA;CORRIENTES;71606;LOCALIDAD CONECTADA;-29,16084185;-59,24927597
1650;ITUZAINGO;CORRIENTES;19575;LOCALIDAD CONECTADA;-27,5852222;-56,69122222
1692;JUAN PUJOL;CORRIENTES;1349;LOCALIDAD CONECTADA;-30,41752222;-57,85645556
2010;LAVALLE;CORRIENTES;2990;LOCALIDAD CONECTADA;-29,02874688;-59,178505
2294;MOCORETA;CORRIENTES;5974;LOCALIDAD CONECTADA;-30,61536111;-57,97052778
2306;MONTE CASEROS;CORRIENTES;23470;LOCALIDAD CONECTADA;-30,25519444;-57,65275
2462;PARADA LABOUGLE;CORRIENTES;492;LOCALIDAD CONECTADA;-30,317325;-57,72999444
2464;PARADA PUCHETA;CORRIENTES;328;LOCALIDAD CONECTADA;-29,9053454;-57,57436935
2491;PASO DE LOS LIBRES;CORRIENTES;43251;LOCALIDAD CONECTADA;-29,71777;-57,115866
2769;RIACHUELO;CORRIENTES;1965;LOCALIDAD CONECTADA;-27,58302368;-58,74638889
2898;SAN CARLOS;CORRIENTES;2454;LOCALIDAD CONECTADA;-27,74446944;-55,90027778
2980;SAN LORENZO;CORRIENTES;2569;LOCALIDAD CONECTADA;-28,13557222;-58,76494444
3072;SANTA LUCIA;CORRIENTES;11589;LOCALIDAD CONECTADA;-28,97436783;-59,0988896
3408;VILLA CORDOBA;CORRIENTES;586;LOCALIDAD CONECTADA;-28,99281111;-59,079128
3617;20 DE SEPTIEMBRE;ENTRE RIOS;187;LOCALIDAD CONECTADA;-32,3907222;-59,6615
3778;ALCARAZ _PUEBLO ARRUA;ENTRE RIOS;2531;LOCALIDAD CONECTADA;-31,4546389;-59,59380556
146;ALDEA ASUNCION;ENTRE RIOS;263;LOCALIDAD CONECTADA;-32,8293083;-59,22663333
148;ALDEA BRASILERA;ENTRE RIOS;895;LOCALIDAD CONECTADA;-31,89194444;-60,58544444
152;ALDEA MARIA LUISA;ENTRE RIOS;773;LOCALIDAD CONECTADA;-31,88480103;-60,41149878
153;ALDEA PROTESTANTE;ENTRE RIOS;519;LOCALIDAD CONECTADA;-32,02838889;-60,56577778
154;ALDEA SALTO;ENTRE RIOS;102;LOCALIDAD CONECTADA;-31,92641667;-60,54625
155;ALDEA SAN ANTONIO;ENTRE RIOS;1091;LOCALIDAD CONECTADA;-32,624134;-58,70305
156;ALDEA SAN FRANCISCO;ENTRE RIOS;42;LOCALIDAD CONECTADA;-31,96191667;-60,63581389
157;ALDEA SAN ISIDRO;ENTRE RIOS;353;LOCALIDAD CONECTADA;-30,9728611;-58,99875
158;ALDEA SAN JUAN;ENTRE RIOS;179;LOCALIDAD CONECTADA;-32,6975;-58,76741667
159;ALDEA SAN RAFAEL;ENTRE RIOS;144;LOCALIDAD CONECTADA;-31,95757778;-60,25404167
160;ALDEA SANTA MARIA;ENTRE RIOS;302;LOCALIDAD CONECTADA;-31,610125;-60,00409722
162;ALDEA SANTA ROSA;ENTRE RIOS;71;LOCALIDAD CONECTADA;-32,01350556;-60,24024167
163;ALDEA SPATZENKUTTER;ENTRE RIOS;355;LOCALIDAD CONECTADA;-31,94675833;-60,58180278
164;ALDEA VALLE MARIA;ENTRE RIOS;2149;LOCALIDAD CONECTADA;-31,98661389;-60,58496944
187;ALTAMIRANO SUR;ENTRE RIOS;62;LOCALIDAD CONECTADA;-32,095295;-59,1749
243;ANTELO;ENTRE RIOS;211;LOCALIDAD CONECTADA;-32,533375;-60,03477778
259;ARANGUREN;ENTRE RIOS;1571;LOCALIDAD CONECTADA;-32,24448611;-60,155875
508;BASAVILBASO;ENTRE RIOS;9485;LOCALIDAD CONECTADA;-32,37117222;-58,87845833
544;BETBEDER;ENTRE RIOS;145;LOCALIDAD CONECTADA;-32,373275;-59,92775556
558;BOVRIL;ENTRE RIOS;8577;LOCALIDAD CONECTADA;-31,34015;-59,43371944
587;CALABACILLA;ENTRE RIOS;879;LOCALIDAD CONECTADA;-31,50665833;-58,13470556
701;CASEROS;ENTRE RIOS;1948;LOCALIDAD CONECTADA;-32,46175;-58,47422222
738;CERRITO;ENTRE RIOS;5310;LOCALIDAD CONECTADA;-31,57397778;-60,07709167
754;CHAJARI;ENTRE RIOS;32734;LOCALIDAD CONECTADA;-30,75574444;-57,98850556
883;COLONIA ENSAYO;ENTRE RIOS;255;LOCALIDAD CONECTADA;-31,86516667;-60,57591667
910;COLONIA PEÑA;ENTRE RIOS;58;LOCALIDAD CONECTADA;-30,80135;-58,18826389
925;COLONIA SANTA MARIA;ENTRE RIOS;352;LOCALIDAD CONECTADA;-30,61268889;-58,17001944
961;CONCEPCION DEL URUGUAY;ENTRE RIOS;72528;LOCALIDAD CONECTADA;-32,48446389;-58,25335
962;CONCORDIA;ENTRE RIOS;149450;LOCALIDAD CONECTADA;-31,38165833;-58,01830556
968;CONSCRIPTO BERNARDI;ENTRE RIOS;1339;LOCALIDAD CONECTADA;-31,04508333;-59,08746944
1029;CRESPO;ENTRE RIOS;19536;LOCALIDAD CONECTADA;-32,04451111;-60,30311944
1080;DIAMANTE;ENTRE RIOS;19142;LOCALIDAD CONECTADA;-32,07167778;-60,63232222
1094;DON CRISTOBAL;ENTRE RIOS;29;LOCALIDAD CONECTADA;-32,07224444;-59,9941
1107;DURAZNO;ENTRE RIOS;294;LOCALIDAD CONECTADA;-31,98889722;-59,28122222
1146;EL CIMARRON;ENTRE RIOS;634;LOCALIDAD CONECTADA;-30,98631142;-58,97818793
1197;EL PALENQUE;ENTRE RIOS;155;LOCALIDAD CONECTADA;-31,65583056;-60,16800278
1207;EL PINGO;ENTRE RIOS;766;LOCALIDAD CONECTADA;-31,58163333;-59,89108333
1242;EL SOLAR;ENTRE RIOS;194;LOCALIDAD CONECTADA;-31,1751;-59,73229444
1278;ENRIQUE CARBO;ENTRE RIOS;750;LOCALIDAD CONECTADA;-33,1529916;-59,2115583
1300;ESTACION ARROYO CLE;ENTRE RIOS;119;LOCALIDAD CONECTADA;-32,63466944;-59,40154444
1302;ESTACION CAMPS;ENTRE RIOS;171;LOCALIDAD CONECTADA;-32,11102778;-60,22819444
1307;ESTACION ESCRIÑA;ENTRE RIOS;47;LOCALIDAD CONECTADA;-32,594733;-58,905059
1310;ESTACION LAZO;ENTRE RIOS;175;LOCALIDAD CONECTADA;-32,87055556;-59,42205556
1315;ESTACION RAICES;ENTRE RIOS;138;LOCALIDAD CONECTADA;-31,91;-59,25994444
1325;ESTANCIA GRANDE;ENTRE RIOS;578;LOCALIDAD CONECTADA;-31,482037;-58,175501
1327;ESTANCIA SAN PEDRO;ENTRE RIOS;67;LOCALIDAD CONECTADA;-32,34246944;-58,64832778
1354;FAUSTINO M. PARERA;ENTRE RIOS;158;LOCALIDAD CONECTADA;-32,8037;-58,881475
1356;FEDERAL;ENTRE RIOS;16075;LOCALIDAD CONECTADA;-30,943125;-58,78145
1396;FREITAS SAN PEDRO;ENTRE RIOS;277;LOCALIDAD CONECTADA;-30,75515278;-58,07944722
1424;GENERAL ALMADA;ENTRE RIOS;144;LOCALIDAD CONECTADA;-32,83676622;-58,80586185
1425;GENERAL ALVEAR;ENTRE RIOS;438;LOCALIDAD CONECTADA;-31,95069444;-60,67189722
1434;GENERAL CAMPOS;ENTRE RIOS;2994;LOCALIDAD CONECTADA;-31,52683333;-58,40852778
1443;GENERAL GALARZA;ENTRE RIOS;4741;LOCALIDAD CONECTADA;-32,72915;-59,39337778
1467;GENERAL RACEDO;ENTRE RIOS;540;LOCALIDAD CONECTADA;-31,98536667;-60,40798333
1468;GENERAL RAMIREZ;ENTRE RIOS;8868;LOCALIDAD CONECTADA;-32,16919444;-60,19952778
1480;GILBERT;ENTRE RIOS;996;LOCALIDAD CONECTADA;-32,537125;-58,93338056
1486;GOBERNADOR ECHAGÜE;ENTRE RIOS;201;LOCALIDAD CONECTADA;-32,39453333;-59,27514167
1487;GOBERNADOR FEBRE;ENTRE RIOS;127;LOCALIDAD CONECTADA;-32,47481944;-59,91341944
1493;GOBERNADOR MANSILLA;ENTRE RIOS;2046;LOCALIDAD CONECTADA;-32,54772222;-59,35452778
1496;GOBERNADOR SOLA;ENTRE RIOS;491;LOCALIDAD CONECTADA;-32,3375;-59,37033333
1525;GUALEGUAY;ENTRE RIOS;40507;LOCALIDAD CONECTADA;-33,13193611;-59,31715833
1526;GUALEGUAYCHU;ENTRE RIOS;80614;LOCALIDAD CONECTADA;-33,01216944;-58,53351944
1534;GUARDAMONTE;ENTRE RIOS;101;LOCALIDAD CONECTADA;-32,08483333;-59,30802778
1549;HASENKAMP;ENTRE RIOS;4805;LOCALIDAD CONECTADA;-31,50705833;-59,83685556
1558;HERNANDEZ;ENTRE RIOS;1510;LOCALIDAD CONECTADA;-32,33327778;-60,02527778
1562;HERRERA;ENTRE RIOS;1251;LOCALIDAD CONECTADA;-32,43439167;-58,63621667
1622;INGENIERO MIGUEL SAJAROFF;ENTRE RIOS;399;LOCALIDAD CONECTADA;-31,95608333;-58,84758333
1635;IRAZUSTA;ENTRE RIOS;298;LOCALIDAD CONECTADA;-32,9275;-58,956
1695;JUBILEO;ENTRE RIOS;631;LOCALIDAD CONECTADA;-31,73344444;-58,63352778
1757;LA CRIOLLA;ENTRE RIOS;1543;LOCALIDAD CONECTADA;-31,26883333;-58,11322222
1825;LA PAZ;ENTRE RIOS;24307;LOCALIDAD CONECTADA;-30,73535;-59,63423611
1829;LA PICADA;ENTRE RIOS;564;LOCALIDAD CONECTADA;-31,72625;-60,29427778
1890;LAGUNA DEL PESCADO;ENTRE RIOS;0;LOCALIDAD CONECTADA;-32,68591667;-60,01425
1914;LARROQUE;ENTRE RIOS;6180;LOCALIDAD CONECTADA;-33,04352778;-58,99761111
1952;LAS GUACHAS;ENTRE RIOS;66;LOCALIDAD CONECTADA;-32,46772222;-59,17319444
1973;LAS MOSCAS;ENTRE RIOS;383;LOCALIDAD CONECTADA;-32,09055556;-58,95808333
2022;LIBAROS;ENTRE RIOS;230;LOCALIDAD CONECTADA;-32,26019395;-58,90904752
2080;LOS CHARRUAS;ENTRE RIOS;3306;LOCALIDAD CONECTADA;-31,16891667;-58,18538889
2087;LOS CONQUISTADORES;ENTRE RIOS;1177;LOCALIDAD CONECTADA;-30,58986111;-58,46502778
2147;LUCAS GONZALEZ;ENTRE RIOS;4364;LOCALIDAD CONECTADA;-32,38880556;-59,52877222
2167;MACIA;ENTRE RIOS;5870;LOCALIDAD CONECTADA;-32,17038889;-59,39627778
2217;MARIA GRANDE;ENTRE RIOS;7557;LOCALIDAD CONECTADA;-31,66416389;-59,89933611
2365;NOGOYA;ENTRE RIOS;22824;LOCALIDAD CONECTADA;-32,39550833;-59,78256944
2382;NUEVA VIZCAYA;ENTRE RIOS;379;LOCALIDAD CONECTADA;-30,96779722;-58,61166389
2420;ORO VERDE;ENTRE RIOS;4116;LOCALIDAD CONECTADA;-31,82996111;-60,52098889
2422;OSVALDO MAGNASCO;ENTRE RIOS;1241;LOCALIDAD CONECTADA;-31,313333;-58,059833
2472;PARAJE LA VIRGEN;ENTRE RIOS;59;LOCALIDAD CONECTADA;-31,91578987;-60,6517239
2475;PARANA;ENTRE RIOS;247139;LOCALIDAD CONECTADA;-31,74019722;-60,53439167
2488;PASO DE LA LAGUNA;ENTRE RIOS;348;LOCALIDAD CONECTADA;-31,80158333;-59,15913889
3769;PUEBLO BELLOCQ _LAS GARZAS;ENTRE RIOS;296;LOCALIDAD CONECTADA;-31,42843333;-59,745075
2680;PUERTO RUIZ;ENTRE RIOS;347;LOCALIDAD CONECTADA;-33,22122222;-59,36337222
2775;RINCON DE NOGOYA;ENTRE RIOS;994;LOCALIDAD CONECTADA;-32,78113889;-59,90544444
2811;ROCAMORA;ENTRE RIOS;281;LOCALIDAD CONECTADA;-32,34185556;-58,96866667
2830;ROSARIO DEL TALA;ENTRE RIOS;12801;LOCALIDAD CONECTADA;-32,3029444;-59,1311333
2893;SAN BENITO;ENTRE RIOS;9105;LOCALIDAD CONECTADA;-31,77920581;-60,44202472
2938;SAN GUSTAVO;ENTRE RIOS;1325;LOCALIDAD CONECTADA;-30,68958333;-59,39372222
2947;SAN JAIME DE LA FRONTERA;ENTRE RIOS;4143;LOCALIDAD CONECTADA;-30,34036111;-58,31655556
2964;SAN JOSE DE FELICIANO;ENTRE RIOS;10282;LOCALIDAD CONECTADA;-30,38419444;-58,75016667
3032;SAN SALVADOR;ENTRE RIOS;12733;LOCALIDAD CONECTADA;-31,62430556;-58,51511111
3041;SAN VICTOR;ENTRE RIOS;325;LOCALIDAD CONECTADA;-30,489175;-59,03319444
3052;SANTA ANITA;ENTRE RIOS;1187;LOCALIDAD CONECTADA;-32,17932151;-58,78968283
3135;SAUCE DE LUNA;ENTRE RIOS;2845;LOCALIDAD CONECTADA;-31,23784444;-59,21733056
3136;SAUCE MONTRULL;ENTRE RIOS;746;LOCALIDAD CONECTADA;-31,7433472;-60,36095556
3144;SEGUI;ENTRE RIOS;3695;LOCALIDAD CONECTADA;-31,96060278;-60,12542222
3169;SIR LEONARD;ENTRE RIOS;281;LOCALIDAD CONECTADA;-31,38955556;-59,50119444
3180;SOSA;ENTRE RIOS;495;LOCALIDAD CONECTADA;-31,73835556;-59,91006667
3197;TABOSSI;ENTRE RIOS;1322;LOCALIDAD CONECTADA;-31,80084722;-59,93928333
3239;TEZANOS PINTOS;ENTRE RIOS;198;LOCALIDAD CONECTADA;-31,86907778;-60,494575
3316;URDINARRAIN;ENTRE RIOS;8580;LOCALIDAD CONECTADA;-32,67883333;-58,89186111
3347;VIALE;ENTRE RIOS;9383;LOCALIDAD CONECTADA;-31,87345;-60,00747222
3352;VICTORIA;ENTRE RIOS;30623;LOCALIDAD CONECTADA;-32,630175;-60,14625556
3402;VILLA CLARA;ENTRE RIOS;2726;LOCALIDAD CONECTADA;-31,83051667;-58,82408333
3433;VILLA DOMINGUEZ;ENTRE RIOS;1791;LOCALIDAD CONECTADA;-31,986225;-58,965131
3452;VILLA FONTANA;ENTRE RIOS;160;LOCALIDAD CONECTADA;-31,90468056;-60,47508333
3456;VILLA GDOR. LUIS F. ETCHEVEHERE;ENTRE RIOS;215;LOCALIDAD CONECTADA;-31,9329722;-60,4276944
3496;VILLA LIBERTADOR SAN MARTIN;ENTRE RIOS;6312;LOCALIDAD CONECTADA;-32,06666667;-60,45166667
3507;VILLA MANTERO;ENTRE RIOS;1427;LOCALIDAD CONECTADA;-32,39466667;-58,74672222
3563;VILLA SAN JUSTO;ENTRE RIOS;1337;LOCALIDAD CONECTADA;-32,44892778;-58,43461667
3565;VILLA SAN MARCIAL;ENTRE RIOS;639;LOCALIDAD CONECTADA;-32,17997222;-58,92969444
3594;VILLAGUAY;ENTRE RIOS;32881;LOCALIDAD CONECTADA;-31,86368889;-59,03486111
506;BARTOLOME DE LAS CASAS;FORMOSA;1134;LOCALIDAD CONECTADA;-25,40875889;-59,57087908
639;CAÑADA XII;FORMOSA;0;LOCALIDAD CONECTADA;-25,88162778;-58,08538611
827;CLORINDA;FORMOSA;52837;LOCALIDAD CONECTADA;-25,28840833;-57,72604444
1374;FORMOSA;FORMOSA;222226;LOCALIDAD CONECTADA;-26,20588889;-58,20706389
1516;GRAN GUARDIA;FORMOSA;916;LOCALIDAD CONECTADA;-25,86412778;-58,88882778
1600;IBARRETA;FORMOSA;9429;LOCALIDAD CONECTADA;-25,21574167;-59,85787222
1612;ING. GUILLERMO N. JUAREZ;FORMOSA;13438;LOCALIDAD CONECTADA;-23,89759722;-61,85263333
1898;LAGUNA YEMA;FORMOSA;3617;LOCALIDAD CONECTADA;-24,25404167;-61,24861389
1967;LAS LOMITAS;FORMOSA;12399;LOCALIDAD CONECTADA;-24,713175;-60,59307222
2561;PIRANE;FORMOSA;20335;LOCALIDAD CONECTADA;-25,73036389;-59,10506944
2768;RIACHO NEGRO;FORMOSA;720;LOCALIDAD CONECTADA;-25,424575;-57,79273333
105;ABRA PAMPA;JUJUY;8705;LOCALIDAD CONECTADA;-22,724283;-65,688892
280;ARRAYANAL;JUJUY;855;LOCALIDAD CONECTADA;-24,17766667;-64,84009444
358;BANANAL;JUJUY;689;LOCALIDAD CONECTADA;-23,56561111;-64,50236111
369;BARCENA;JUJUY;139;LOCALIDAD CONECTADA;-23,982475;-65,452911
448;BARRIO LA UNION;JUJUY;700;LOCALIDAD CONECTADA;-24,40512778;-65,06995
504;BARRIOS;JUJUY;187;LOCALIDAD CONECTADA;-22,24627796;-65,52787171
586;CAIMANCITO;JUJUY;5336;LOCALIDAD CONECTADA;-23,740333;-64,602333
594;CALILEGUA;JUJUY;5997;LOCALIDAD CONECTADA;-23,77252778;-64,776
624;CANGREJILLOS;JUJUY;181;LOCALIDAD CONECTADA;-22,42572222;-65,58213889
704;CASIRA;JUJUY;176;LOCALIDAD CONECTADA;-21,97830556;-65,89527222
756;CHALICAN;JUJUY;1062;LOCALIDAD CONECTADA;-24,06906667;-64,80698889
815;CIENAGA DE PAICONE;JUJUY;0;LOCALIDAD CONECTADA;-22,17846474;-66,41340328
816;CIENEGUILLAS;JUJUY;286;LOCALIDAD CONECTADA;-22,1008;-65,86648333
919;COLONIA SAN JOSE;JUJUY;274;LOCALIDAD CONECTADA;-23,3936667;-65,345508
976;CORANZULI;JUJUY;333;LOCALIDAD CONECTADA;-23,01628234;-66,36539812
1028;COYAGUAIMA;JUJUY;83;LOCALIDAD CONECTADA;-22,77222222;-66,44111111
1054;CUSI CUSI;JUJUY;243;LOCALIDAD CONECTADA;-22,34100899;-66,49245265
1095;DON EMILIO;JUJUY;446;LOCALIDAD CONECTADA;-24,31513889;-64,90741111
1111;EL ACHERAL;JUJUY;246;LOCALIDAD CONECTADA;-24,403414;-64,798362
1217;EL PUESTO;JUJUY;1166;LOCALIDAD CONECTADA;-24,19847519;-64,78960429
1248;EL TALAR;JUJUY;2901;LOCALIDAD CONECTADA;-23,557972;-64,361167
1390;FRAILE PINTADO;JUJUY;13300;LOCALIDAD CONECTADA;-23,94307222;-64,80038889
1543;GUERRERO;JUJUY;518;LOCALIDAD CONECTADA;-24,18575;-65,449944
1573;HIPOLITO YRIGOYEN;JUJUY;456;LOCALIDAD CONECTADA;-22,97903611;-65,35296944
1579;HUACALERA;JUJUY;712;LOCALIDAD CONECTADA;-23,43377778;-65,35138889
1582;HUANCAR;JUJUY;133;LOCALIDAD CONECTADA;-23,563375;-66,41061111
1594;HUMAHUACA;JUJUY;10256;LOCALIDAD CONECTADA;-23,20077222;-65,35190833
1696;JUELLA;JUJUY;200;LOCALIDAD CONECTADA;-23,513889;-65,411222
1771;LA ESPERANZA;JUJUY;2164;LOCALIDAD CONECTADA;-24,227458;-64,841081
1789;LA INTERMEDIA;JUJUY;178;LOCALIDAD CONECTADA;-22,42394444;-65,70186111
1809;LA MENDIETA;JUJUY;3635;LOCALIDAD CONECTADA;-24,31330786;-64,96585425
1843;LA QUIACA;JUJUY;16874;LOCALIDAD CONECTADA;-22,10578611;-65,59119167
2019;LEON;JUJUY;630;LOCALIDAD CONECTADA;-24,03205;-65,432983
2025;LIBERTADOR GENERAL SAN MARTIN;JUJUY;46642;LOCALIDAD CONECTADA;-23,81651944;-64,79873889
2031;LIVIARA;JUJUY;46;LOCALIDAD CONECTADA;-22,51994011;-66,33756891
2144;LOZANO;JUJUY;1388;LOCALIDAD CONECTADA;-24,09147206;-65,4043023
2175;MAIMARA;JUJUY;3353;LOCALIDAD CONECTADA;-23,635;-65,413889
2282;MIRAFLORES;JUJUY;183;LOCALIDAD CONECTADA;-24,22513889;-64,82227778
2288;MISARRUMI;JUJUY;36;LOCALIDAD CONECTADA;-22,25944444;-66,36722222
2383;NUEVO PIRQUITAS;JUJUY;672;LOCALIDAD CONECTADA;-22,68759167;-66,45585278
2415;ORATORIO;JUJUY;96;LOCALIDAD CONECTADA;-22,09944444;-66,13144444
2421;OROSMAYO;JUJUY;82;LOCALIDAD CONECTADA;-22,55599471;-66,35617537
2429;PAICONE;JUJUY;64;LOCALIDAD CONECTADA;-22,21833333;-66,42425
2443;PALOS BLANCOS;JUJUY;81;LOCALIDAD CONECTADA;-24,32739444;-64,94674722
2444;PALPALA;JUJUY;50183;LOCALIDAD CONECTADA;-24,25867778;-65,21231667
2476;PARAPETI;JUJUY;874;LOCALIDAD CONECTADA;-24,237603;-64,846572
2498;PASTOS CHICOS;JUJUY;104;LOCALIDAD CONECTADA;-23,76453333;-66,43937222
2522;PERICO;JUJUY;44750;LOCALIDAD CONECTADA;-24,37549722;-65,11528333
2654;PUENTE LAVAYEN;JUJUY;213;LOCALIDAD CONECTADA;-24,273311;-64,706158
2691;PUESTO SEY;JUJUY;94;LOCALIDAD CONECTADA;-23,94695556;-66,48796111
2694;PUMAHUASI;JUJUY;233;LOCALIDAD CONECTADA;-22,28788889;-65,68019444
2705;PURMAMARCA;JUJUY;891;LOCALIDAD CONECTADA;-23,74052778;-65,50566667
4043;PURMAMARCA;JUJUY;0;LOCALIDAD CONECTADA;-23,748047;-65,470031
2812;RODEITO;JUJUY;1879;LOCALIDAD CONECTADA;-24,27088333;-64,76883611
2828;ROSARIO DE RIO GRANDE;JUJUY;621;LOCALIDAD CONECTADA;-24,30761111;-64,93117778
2882;SAN ANTONIO;JUJUY;325;LOCALIDAD CONECTADA;-24,2181;-64,8061
2976;SAN JUAN DE OROS;JUJUY;27;LOCALIDAD CONECTADA;-22,22538333;-66,24793333
2983;SAN LUCAS;JUJUY;326;LOCALIDAD CONECTADA;-24,26747222;-64,86437222
4041;SAN PEDRO;JUJUY;0;LOCALIDAD CONECTADA;-24,260833;-64,9
3022;SAN PEDRO DE JUJUY;JUJUY;62088;LOCALIDAD CONECTADA;-24,23869444;-64,86322222
3033;SAN SALVADOR DE JUJUY;JUJUY;257970;LOCALIDAD CONECTADA;-24,17875833;-65,32754167
3053;SANTA CATALINA;JUJUY;305;LOCALIDAD CONECTADA;-21,94499444;-66,05135278
3140;SAUZAL;JUJUY;416;LOCALIDAD CONECTADA;-24,297675;-64,95749167
3195;SUSQUES;JUJUY;1611;LOCALIDAD CONECTADA;-23,39781667;-66,36625278
3243;TILCARA;JUJUY;4691;LOCALIDAD CONECTADA;-23,57438056;-65,39497778
3286;TRES CRUCES;JUJUY;376;LOCALIDAD CONECTADA;-22,91941667;-65,58652778
3301;TUMBAYA;JUJUY;428;LOCALIDAD CONECTADA;-23,85431111;-65,46634167
3314;UQUIA;JUJUY;508;LOCALIDAD CONECTADA;-23,30180652;-65,35756183
3601;VIÑALITO;JUJUY;795;LOCALIDAD CONECTADA;-23,66794444;-64,41530556
3607;VOLCAN;JUJUY;1121;LOCALIDAD CONECTADA;-23,91780556;-65,46397222
3621;YALA;JUJUY;1953;LOCALIDAD CONECTADA;-24,118611;-65,401667
3628;YAVI;JUJUY;378;LOCALIDAD CONECTADA;-22,13191667;-65,45983333
3629;YAVI CHICO;JUJUY;33;LOCALIDAD CONECTADA;-22,09991667;-65,45866667
3634;YUTO;JUJUY;6301;LOCALIDAD CONECTADA;-23,64161111;-64,47055
86;25 DE MAYO;LA PAMPA;7878;LOCALIDAD CONECTADA;-37,77376111;-67,72372222
170;ALGARROBO DEL AGUILA;LA PAMPA;329;LOCALIDAD CONECTADA;-36,39905;-67,14587778
233;ANGUIL;LA PAMPA;1705;LOCALIDAD CONECTADA;-36,526306;-64,0125
316;ATALIVA ROCA;LA PAMPA;707;LOCALIDAD CONECTADA;-37,03036667;-64,29124722
600;CAMPAMENTO VIALIDAD NACIONAL;LA PAMPA;2429;LOCALIDAD CONECTADA;-38,38843889;-64,07326667
714;CATRILO;LA PAMPA;3955;LOCALIDAD CONECTADA;-36,407925;-63,41604444
926;COLONIA SANTA MARIA;LA PAMPA;289;LOCALIDAD CONECTADA;-37,49518611;-64,22837778
1711;LA ADELA;LA PAMPA;1904;LOCALIDAD CONECTADA;-38,97763056;-64,10068611
1782;LA GLORIA;LA PAMPA;46;LOCALIDAD CONECTADA;-36,50798056;-63,74058056
2049;LONQUIMAY;LA PAMPA;1680;LOCALIDAD CONECTADA;-36,46733611;-63,6236
2142;LOVENTUE;LA PAMPA;111;LOCALIDAD CONECTADA;-36,18857778;-65,29173611
2145;LUAN TORO;LA PAMPA;689;LOCALIDAD CONECTADA;-36,20550833;-65,09892222
2524;PERU;LA PAMPA;39;LOCALIDAD CONECTADA;-37,66251111;-64,13435
2650;PUELEN;LA PAMPA;357;LOCALIDAD CONECTADA;-37,34538333;-67,62198333
3071;SANTA ISABEL;LA PAMPA;2526;LOCALIDAD CONECTADA;-36,232875;-66,93588889
3089;SANTA ROSA;LA PAMPA;102860;LOCALIDAD CONECTADA;-36,62735556;-64,271325
3230;TELEN;LA PAMPA;1240;LOCALIDAD CONECTADA;-36,26516389;-65,51265556
3311;UNANUE;LA PAMPA;69;LOCALIDAD CONECTADA;-37,54558889;-64,34939722
3318;URIBURU;LA PAMPA;964;LOCALIDAD CONECTADA;-36,50879722;-63,85863611
3353;VICTORICA;LA PAMPA;5703;LOCALIDAD CONECTADA;-36,21543611;-65,43306111
3616;WINIFREDA;LA PAMPA;2222;LOCALIDAD CONECTADA;-36,23148611;-64,23697778
136;AIMOGASTA;LA RIOJA;12249;LOCALIDAD CONECTADA;-28,56672778;-66,798025
183;ALPASINCHE;LA RIOJA;4114;LOCALIDAD CONECTADA;-28,31984167;-67,0532
235;ANGULOS;LA RIOJA;127;LOCALIDAD CONECTADA;-28,655415;-67,650033
340;BAJO CARRIZAL;LA RIOJA;150;LOCALIDAD CONECTADA;-28,888795;-67,563648
602;CAMPANAS;LA RIOJA;892;LOCALIDAD CONECTADA;-28,556084;-67,617573
757;CHAMICAL;LA RIOJA;12919;LOCALIDAD CONECTADA;-30,36708333;-66,31252778
759;CHAÑAR;LA RIOJA;903;LOCALIDAD CONECTADA;-30,538797;-65,956731
764;CHAÑARMUYO;LA RIOJA;268;LOCALIDAD CONECTADA;-28,606522;-67,585758
780;CHEPES;LA RIOJA;11039;LOCALIDAD CONECTADA;-31,34456667;-66,57688611
785;CHILECITO;LA RIOJA;33724;LOCALIDAD CONECTADA;-29,16338787;-67,49784005
1532;GUANDACOL;LA RIOJA;2525;LOCALIDAD CONECTADA;-29,52594722;-68,55403333
3650;LA RIOJA EDT;LA RIOJA;199979;LOCALIDAD CONECTADA;-29,42622778;-66,87326389
1864;LA TORRE - EL CHIFLON;LA RIOJA;32;LOCALIDAD CONECTADA;-30,20471667;-67,60233056
2274;MILAGRO;LA RIOJA;3494;LOCALIDAD CONECTADA;-31,00827778;-65,99105833
2367;NONOGASTA;LA RIOJA;7527;LOCALIDAD CONECTADA;-29,301745;-67,506733
2500;PATQUIA;LA RIOJA;1808;LOCALIDAD CONECTADA;-30,04453611;-66,87872222
2565;PITUIL;LA RIOJA;849;LOCALIDAD CONECTADA;-28,57608322;-67,44584245
2582;POLCO;LA RIOJA;80;LOCALIDAD CONECTADA;-30,419179;-66,346274
2698;PUNTA DE LOS LLANOS;LA RIOJA;532;LOCALIDAD CONECTADA;-30,15361111;-66,54430556
3008;SAN NICOLAS;LA RIOJA;153;LOCALIDAD CONECTADA;-29,117936;-67,473299
3069;SANTA FLORENTINA;LA RIOJA;129;LOCALIDAD CONECTADA;-29,130618;-67,555754
3351;VICHIGASTA;LA RIOJA;3016;LOCALIDAD CONECTADA;-29,485909;-67,506996
3585;VILLA UNION;LA RIOJA;4931;LOCALIDAD CONECTADA;-29,4125;-62,79086667
89;25 DE MAYO;MENDOZA;1450;LOCALIDAD CONECTADA;-34,58383333;-68,53869444
371;BARDAS BLANCAS;MENDOZA;66;LOCALIDAD CONECTADA;-35,86848611;-69,80525833
381;BARRIO ALTO DEL OLVIDO;MENDOZA;266;LOCALIDAD CONECTADA;-32,668533;-68,583604
435;BARRIO JOCOLI II;MENDOZA;163;LOCALIDAD CONECTADA;-32,650868;-68,660069
444;BARRIO LA PALMERA;MENDOZA;136;LOCALIDAD CONECTADA;-32,72149722;-68,56055278
445;BARRIO LA PEGA;MENDOZA;392;LOCALIDAD CONECTADA;-32,80666667;-68,66527778
503;BARRIO VIRGEN DEL ROSARIO;MENDOZA;211;LOCALIDAD CONECTADA;-32,70246667;-68,313
559;BOWEN;MENDOZA;4939;LOCALIDAD CONECTADA;-34,99286111;-67,51236111
679;CARMENSA;MENDOZA;941;LOCALIDAD CONECTADA;-35,14803889;-67,65320556
786;CHILECITO;MENDOZA;1033;LOCALIDAD CONECTADA;-33,88847222;-69,06914167
1018;COSTA DE ARAUJO;MENDOZA;2816;LOCALIDAD CONECTADA;-32,75335556;-68,40745
1183;EL MANZANO;MENDOZA;1033;LOCALIDAD CONECTADA;-36,10659722;-69,75844167
1195;EL NIHUIL;MENDOZA;1030;LOCALIDAD CONECTADA;-35,03251205;-68,67622192
1245;EL SOSNEADO;MENDOZA;65;LOCALIDAD CONECTADA;-35,07950833;-69,56686111
1259;EL VERGEL;MENDOZA;362;LOCALIDAD CONECTADA;-32,78555556;-68,61277778
1339;EUGENIO BUSTOS;MENDOZA;5591;LOCALIDAD CONECTADA;-33,77418056;-69,060025
1428;GENERAL ALVEAR;MENDOZA;29909;LOCALIDAD CONECTADA;-34,98127778;-67,67274167
1618;INGENIERO GUSTAVO ANDRE;MENDOZA;288;LOCALIDAD CONECTADA;-32,67673611;-68,31643611
1656;JAIME PRATS;MENDOZA;419;LOCALIDAD CONECTADA;-34,91158611;-67,81687222
1665;JOCOLI;MENDOZA;804;LOCALIDAD CONECTADA;-32,581314;-68,665292
1799;LA LLAVE NUEVA;MENDOZA;499;LOCALIDAD CONECTADA;-34,63834912;-68,00339614
1932;LAS CATITAS;MENDOZA;3621;LOCALIDAD CONECTADA;-33,30418333;-68,04661389
1968;LAS MALVINAS;MENDOZA;232;LOCALIDAD CONECTADA;-34,83206389;-68,25136111
2007;LAS VIOLETAS;MENDOZA;87;LOCALIDAD CONECTADA;-32,82000278;-68,60543889
2183;MALARGÜE;MENDOZA;21619;LOCALIDAD CONECTADA;-35,46592778;-69,58894722
2261;MENDOZA;MENDOZA;114893;LOCALIDAD CONECTADA;-32,88315278;-68,828325
2307;MONTE COMAN;MENDOZA;3529;LOCALIDAD CONECTADA;-34,59046944;-67,87996111
2470;PARAJE COCHICO;MENDOZA;0;LOCALIDAD CONECTADA;-35,71336111;-67,33101944
2490;PASO DE LAS CARRETAS;MENDOZA;0;LOCALIDAD CONECTADA;-34,13103889;-68,83275278
4054;PASO DE LAS CARRETAS CIUDAD;MENDOZA;0;LOCALIDAD CONECTADA;-34,024322;-68,996547
2729;RAMA CAIDA;MENDOZA;850;LOCALIDAD CONECTADA;-34,70205833;-68,36854444
2746;RANQUIL NORTE;MENDOZA;752;LOCALIDAD CONECTADA;-36,65908056;-69,83281389
2753;REAL DEL PADRE;MENDOZA;3635;LOCALIDAD CONECTADA;-34,84021667;-67,76325833
2815;RODEO DEL MEDIO;MENDOZA;12327;LOCALIDAD CONECTADA;-32,98800568;-68,70106526
2865;SALTO DE LAS ROSAS;MENDOZA;1343;LOCALIDAD CONECTADA;-34,722975;-68,22296667
2899;SAN CARLOS;MENDOZA;3886;LOCALIDAD CONECTADA;-33,7712;-69,04103889
3025;SAN RAFAEL;MENDOZA;118009;LOCALIDAD CONECTADA;-34,63154722;-68,34384722
3090;SANTA ROSA;MENDOZA;7668;LOCALIDAD CONECTADA;-33,24877778;-68,11734167
3302;TUNUYAN;MENDOZA;28859;LOCALIDAD CONECTADA;-33,61479;-69,020645
3309;UGARTECHE;MENDOZA;4561;LOCALIDAD CONECTADA;-33,21094516;-68,8972088
3377;VILLA ATUEL;MENDOZA;3311;LOCALIDAD CONECTADA;-34,83365833;-67,92318056
3582;VILLA TULUMAYA;MENDOZA;7870;LOCALIDAD CONECTADA;-32,71966389;-68,58938056
81;1?? DE MAYO;MISIONES;423;LOCALIDAD CONECTADA;-27,16917;-55,027087
3759;2 DE MAYO _NUCLEO 1;MISIONES;6829;LOCALIDAD CONECTADA;-27,021666;-54,687641
3760;2 DE MAYO _NUCLEO 2;MISIONES;1122;LOCALIDAD CONECTADA;-27,02955696;-54,6641209
3761;2 DE MAYO _NUCLEO 3;MISIONES;776;LOCALIDAD CONECTADA;-27,01233333;-54,60730556
274;ARISTOBULO DEL VALLE;MISIONES;12375;LOCALIDAD CONECTADA;-27,10326667;-54,89213333
537;BERNARDO DE IRIGOYEN;MISIONES;6492;LOCALIDAD CONECTADA;-26,25511944;-53,64576944
571;CAA - YARI;MISIONES;122;LOCALIDAD CONECTADA;-27,485512;-55,299521
608;CAMPO GRANDE;MISIONES;6547;LOCALIDAD CONECTADA;-27,214249;-54,975396
613;CAMPO RAMON;MISIONES;1235;LOCALIDAD CONECTADA;-27,457705;-55,022584
615;CAMPO VIERA;MISIONES;7099;LOCALIDAD CONECTADA;-27,33061158;-55,05184845
4044;CANAL 5 PUERTO IGUAZU;MISIONES;0;LOCALIDAD CONECTADA;-25,609138;-54,573938
739;CERRO AZUL;MISIONES;3049;LOCALIDAD CONECTADA;-27,63339167;-55,49644722
942;COLONIA WANDA;MISIONES;13901;LOCALIDAD CONECTADA;-25,97164722;-54,56123611
947;COMANDANTE ANDRESITO;MISIONES;11482;LOCALIDAD CONECTADA;-25,67647222;-54,04119444
1032;CRUCE CABALLERO;MISIONES;408;LOCALIDAD CONECTADA;-26,54238889;-53,94166667
1492;GOBERNADOR LOPEZ;MISIONES;1010;LOCALIDAD CONECTADA;-27,665374;-55,212966
2014;LEANDRO N. ALEM;MISIONES;23339;LOCALIDAD CONECTADA;-27,60495;-55,32146667
2091;LOS HELECHOS;MISIONES;344;LOCALIDAD CONECTADA;-27,556114;-55,076642
2389;OBERA;MISIONES;63960;LOCALIDAD CONECTADA;-27,50046944;-55,10926667
2404;OLEGARIO V. ANDRADE;MISIONES;441;LOCALIDAD CONECTADA;-27,5701873;-55,50246352
2466;PARAISO;MISIONES;975;LOCALIDAD CONECTADA;-26,68960267;-54,20445177
2555;PIÑALITO SUR;MISIONES;107;LOCALIDAD CONECTADA;-26,42727778;-53,84386111
2594;POSADAS;MISIONES;275028;LOCALIDAD CONECTADA;-27,43091389;-55,890025
2668;PUERTO IGUAZU;MISIONES;41062;LOCALIDAD CONECTADA;-25,61106389;-54,56454444
2866;SALTO ENCANTADO;MISIONES;3543;LOCALIDAD CONECTADA;-27,08553889;-54,83634444
2879;SAN ANTONIO;MISIONES;3665;LOCALIDAD CONECTADA;-26,055283;-53,736302
2959;SAN JOSE;MISIONES;5338;LOCALIDAD CONECTADA;-27,7686277;-55,7797916
3014;SAN PEDRO;MISIONES;10397;LOCALIDAD CONECTADA;-26,62591667;-54,11433333
3038;SAN VICENTE;MISIONES;21068;LOCALIDAD CONECTADA;-26,99398333;-54,4873
3255;TOBUNA;MISIONES;350;LOCALIDAD CONECTADA;-26,471073;-53,890948
284;ARROYITO;NEUQUEN;90;LOCALIDAD CONECTADA;-39,07191944;-68,56725278
338;BAJADA DEL AGRIO;NEUQUEN;792;LOCALIDAD CONECTADA;-38,40473333;-70,02648611
375;BARRANCAS;NEUQUEN;938;LOCALIDAD CONECTADA;-36,82359167;-69,91165278
570;BUTA RANQUIL;NEUQUEN;2443;LOCALIDAD CONECTADA;-37,05138611;-69,87720278
729;CENTENARIO;NEUQUEN;32928;LOCALIDAD CONECTADA;-38,83250833;-68,12815833
797;CHORRIACA;NEUQUEN;403;LOCALIDAD CONECTADA;-37,93418889;-70,071025
798;CHOS MALAL;NEUQUEN;13092;LOCALIDAD CONECTADA;-37,36697628;-70,26355993
1144;EL CHOCON;NEUQUEN;426;LOCALIDAD CONECTADA;-39,26081389;-68,82387222
1701;JUNIN DE LOS ANDES;NEUQUEN;12621;LOCALIDAD CONECTADA;-39,94407778;-71,08159722
1728;LA BUITRERA;NEUQUEN;432;LOCALIDAD CONECTADA;-38,55124167;-70,37182222
1963;LAS LAJAS;NEUQUEN;4464;LOCALIDAD CONECTADA;-38,51986389;-70,36410278
2076;LOS CATUTOS;NEUQUEN;229;LOCALIDAD CONECTADA;-38,83679051;-70,19519292
2228;MARIANO MORENO;NEUQUEN;2205;LOCALIDAD CONECTADA;-38,759059;-70,036807
2359;NEUQUEN;NEUQUEN;231198;LOCALIDAD CONECTADA;-38,94485833;-68,07859444
2534;PICUN LEUFU;NEUQUEN;3144;LOCALIDAD CONECTADA;-39,51803056;-69,29345833
2536;PIEDRA DEL AGUILA;NEUQUEN;3669;LOCALIDAD CONECTADA;-40,047225;-70,07202778
2572;PLAZA HUINCUL;NEUQUEN;13172;LOCALIDAD CONECTADA;-38,932112;-69,192562
2997;SAN MARTIN DE LOS ANDES;NEUQUEN;29354;LOCALIDAD CONECTADA;-40,15097222;-71,322375
3115;SANTO TOMAS;NEUQUEN;219;LOCALIDAD CONECTADA;-39,823189;-70,101491
3148;SENILLOSA;NEUQUEN;7542;LOCALIDAD CONECTADA;-39,01334722;-68,42318889
3221;TAQUIMILAN;NEUQUEN;558;LOCALIDAD CONECTADA;-37,51212778;-70,24132778
3437;VILLA EL CHOCON;NEUQUEN;707;LOCALIDAD CONECTADA;-39,25937354;-68,79072561
3480;VILLA LA ANGOSTURA;NEUQUEN;11063;LOCALIDAD CONECTADA;-40,76248889;-71,63949444
3603;VISTA ALEGRE NORTE;NEUQUEN;895;LOCALIDAD CONECTADA;-38,73098056;-68,17393056
3604;VISTA ALEGRE SUR;NEUQUEN;1513;LOCALIDAD CONECTADA;-38,771625;-68,13476944
3636;ZAPALA;NEUQUEN;32097;LOCALIDAD CONECTADA;-38,89735;-70,066825
122;AGUADA CECILIO;RIO NEGRO;155;LOCALIDAD CONECTADA;-40,84866944;-65,84260556
123;AGUADA DE GUERRA;RIO NEGRO;126;LOCALIDAD CONECTADA;-41,06897222;-68,38026667
370;BARDA DEL MEDIO;RIO NEGRO;1651;LOCALIDAD CONECTADA;-38,72412222;-68,16301389
397;BARRIO COLONIA CONESA;RIO NEGRO;129;LOCALIDAD CONECTADA;-40,151051;-64,353325
418;BARRIO EL PILAR;RIO NEGRO;521;LOCALIDAD CONECTADA;-41,17068333;-71,33728333
713;CATRIEL;RIO NEGRO;17584;LOCALIDAD CONECTADA;-37,88302222;-67,80406389
4049;CENTRO NACIONAL DE ENERGIA ATOMICA;RIO NEGRO;0;LOCALIDAD CONECTADA;-41,118333;-71,414444
824;CLEMENTE ONELLI;RIO NEGRO;114;LOCALIDAD CONECTADA;-41,24585603;-70,03183341
891;COLONIA JULIA Y ECHARREN;RIO NEGRO;936;LOCALIDAD CONECTADA;-39,03535278;-64,02580278
946;COMALLO;RIO NEGRO;1497;LOCALIDAD CONECTADA;-41,03466389;-70,26398056
1085;DINA HUAPI;RIO NEGRO;3469;LOCALIDAD CONECTADA;-41,074825;-71,168925
1125;EL BOLSON;RIO NEGRO;17126;LOCALIDAD CONECTADA;-41,97290556;-71,52751667
1171;EL FOYEL;RIO NEGRO;155;LOCALIDAD CONECTADA;-41,65309167;-71,45965278
1179;EL JUNCAL;RIO NEGRO;83;LOCALIDAD CONECTADA;-40,80725;-63,12633333
1436;GENERAL CONESA;RIO NEGRO;5484;LOCALIDAD CONECTADA;-40,10766667;-64,45175
1619;INGENIERO JACOBACCI;RIO NEGRO;6261;LOCALIDAD CONECTADA;-41,33452778;-69,53122222
4051;INVAP;RIO NEGRO;0;LOCALIDAD CONECTADA;-41,1249;-71,241664
1951;LAS GRUTAS;RIO NEGRO;4807;LOCALIDAD CONECTADA;-40,80043611;-65,08338333
2098;LOS MENUCOS;RIO NEGRO;5187;LOCALIDAD CONECTADA;-40,84488056;-68,09294167
2200;MAQUINCHAO;RIO NEGRO;2494;LOCALIDAD CONECTADA;-41,25723889;-68,70060278
2280;MINISTRO RAMOS MEXIA;RIO NEGRO;973;LOCALIDAD CONECTADA;-40,5077;-67,26141111
2345;NAHUEL NIYEU;RIO NEGRO;32;LOCALIDAD CONECTADA;-40,50434;-66,56407
2546;PILCANIYEU;RIO NEGRO;757;LOCALIDAD CONECTADA;-41,12064444;-70,71484722
2784;RIO COLORADO;RIO NEGRO;11733;LOCALIDAD CONECTADA;-38,983275;-64,10394722
2801;RIO VILLEGAS;RIO NEGRO;75;LOCALIDAD CONECTADA;-41,57824722;-71,50090833
2891;SAN ANTONIO OESTE;RIO NEGRO;16265;LOCALIDAD CONECTADA;-40,72936667;-64,95979444
2901;SAN CARLOS DE BARILOCHE;RIO NEGRO;109305;LOCALIDAD CONECTADA;-41,13321389;-71,2771
2948;SAN JAVIER;RIO NEGRO;530;LOCALIDAD CONECTADA;-40,75176944;-63,26638611
3127;SARGENTO VIDAL;RIO NEGRO;814;LOCALIDAD CONECTADA;-38,68420833;-68,15688333
3154;SIERRA COLORADA;RIO NEGRO;1542;LOCALIDAD CONECTADA;-40,58708333;-67,75604444
3326;VALCHETA;RIO NEGRO;3867;LOCALIDAD CONECTADA;-40,68385278;-66,16168056
3356;VIEDMA;RIO NEGRO;52789;LOCALIDAD CONECTADA;-40,82182222;-63,02243889
3389;VILLA CAMPANARIO;RIO NEGRO;828;LOCALIDAD CONECTADA;-41,10128333;-71,452175
3396;VILLA CATEDRAL;RIO NEGRO;88;LOCALIDAD CONECTADA;-41,16661389;-71,437975
3498;VILLA LLAO LLAO;RIO NEGRO;777;LOCALIDAD CONECTADA;-41,05229167;-71,52444722
3501;VILLA LOS COIHUES;RIO NEGRO;1919;LOCALIDAD CONECTADA;-41,15344444;-71,40831944
3557;VILLA SAN ISIDRO;RIO NEGRO;607;LOCALIDAD CONECTADA;-38,7063027;-68,1717083
127;AGUARAY;SALTA;10410;LOCALIDAD CONECTADA;-22,23920168;-63,72743385
128;AGUAS BLANCAS;SALTA;2395;LOCALIDAD CONECTADA;-22,73420833;-64,35390833
228;ANGASTACO;SALTA;823;LOCALIDAD CONECTADA;-25,692875;-66,16695278
238;ANIMANA;SALTA;1276;LOCALIDAD CONECTADA;-25,967294;-65,947442
463;BARRIO MARTINEZ SARAVIA;SALTA;13774;LOCALIDAD CONECTADA;-22,57591111;-63,80631667
580;CACHI;SALTA;2616;LOCALIDAD CONECTADA;-25,12087222;-66,15459444
584;CAFAYATE;SALTA;13698;LOCALIDAD CONECTADA;-26,0725;-65,98448889
599;CAMPAMENTO VESPUCIO;SALTA;1531;LOCALIDAD CONECTADA;-22,58495278;-63,85387778
603;CAMPICHUELO;SALTA;340;LOCALIDAD CONECTADA;-23,10823056;-63,99715
645;CAPIAZUTI;SALTA;231;LOCALIDAD CONECTADA;-22,20186944;-63,71677778
657;CAPITAN JUAN PAGE;SALTA;213;LOCALIDAD CONECTADA;-23,68649167;-62,37581111
664;CARBONCITO;SALTA;531;LOCALIDAD CONECTADA;-23,23348611;-63,76795
727;CEIBALITO;SALTA;176;LOCALIDAD CONECTADA;-25,110144;-64,274592
928;COLONIA SANTA ROSA;SALTA;15562;LOCALIDAD CONECTADA;-23,39358611;-64,41942222
989;CORONEL CORNEJO;SALTA;2672;LOCALIDAD CONECTADA;-22,73898889;-63,81906667
994;CORONEL JUAN SOLA;SALTA;4714;LOCALIDAD CONECTADA;-23,47294444;-62,88200556
1103;DRAGONES;SALTA;1779;LOCALIDAD CONECTADA;-23,2470534;-63,3426742
1174;EL GALPON;SALTA;5675;LOCALIDAD CONECTADA;-25,38356111;-64,65725
1218;EL QUEBRACHAL;SALTA;6536;LOCALIDAD CONECTADA;-25,33558333;-64,01981111
1256;EL TUNAL;SALTA;518;LOCALIDAD CONECTADA;-25,25191944;-64,39253889
1270;EMBARCACION;SALTA;20843;LOCALIDAD CONECTADA;-23,20344167;-64,09765833
1410;GAONA;SALTA;1883;LOCALIDAD CONECTADA;-25,24143333;-64,03605556
1431;GENERAL BALLIVIAN;SALTA;2071;LOCALIDAD CONECTADA;-22,9361;-63,85884722
1512;GRAL. ENRIQUE MOSCONI;SALTA;16060;LOCALIDAD CONECTADA;-22,59518056;-63,80401944
1566;HICKMAN;SALTA;805;LOCALIDAD CONECTADA;-23,21189722;-63,56797222
1571;HIPOLITO YRIGOYEN;SALTA;10196;LOCALIDAD CONECTADA;-23,24001111;-64,27886944
1664;JOAQUIN V. GONZALEZ;SALTA;16329;LOCALIDAD CONECTADA;-25,12123889;-64,12917222
1834;LA POMA;SALTA;614;LOCALIDAD CONECTADA;-24,72485556;-66,20116389
2068;LOS BLANCOS;SALTA;1073;LOCALIDAD CONECTADA;-23,60638333;-62,59499167
2289;MISION CHAQUEÑA;SALTA;1302;LOCALIDAD CONECTADA;-23,25973333;-63,74334167
2291;MISION KILOMETRO 6;SALTA;1281;LOCALIDAD CONECTADA;-22,51030556;-63,75091667
2301;MOLINOS;SALTA;1183;LOCALIDAD CONECTADA;-25,43830556;-66,29777778
2370;NUESTRA SEÑORA DE TALAVERA;SALTA;1328;LOCALIDAD CONECTADA;-25,45956389;-63,77564167
2426;PADRE LOZANO;SALTA;513;LOCALIDAD CONECTADA;-23,21851111;-63,8470944
2506;PAYOGASTA;SALTA;532;LOCALIDAD CONECTADA;-25,04851389;-66,09693333
2529;PICHANAL;SALTA;22439;LOCALIDAD CONECTADA;-23,32434722;-64,22527778
2560;PIQUIRENDA;SALTA;505;LOCALIDAD CONECTADA;-22,32455298;-63,7527204
2580;PLUMA DE PATO;SALTA;529;LOCALIDAD CONECTADA;-23,37218333;-63,09787778
2619;PROFESOR SALVADOR MAZZA;SALTA;18899;LOCALIDAD CONECTADA;-22,05193889;-63,68585833
2889;SAN ANTONIO DE LOS COBRES;SALTA;4763;LOCALIDAD CONECTADA;-24,21747653;-66,31704704
2897;SAN CARLOS;SALTA;2209;LOCALIDAD CONECTADA;-25,893781;-65,93025
2970;SAN JOSE DE METAN;SALTA;28295;LOCALIDAD CONECTADA;-25,48414759;-64,9724804
3027;SAN RAMON DE LA NUEVA ORAN;SALTA;76070;LOCALIDAD CONECTADA;-23,15741389;-64,33233333
3142;SECLANTAS;SALTA;560;LOCALIDAD CONECTADA;-25,330528;-66,245903
3222;TARTAGAL;SALTA;63196;LOCALIDAD CONECTADA;-22,52795556;-63,79389722
3254;TOBANTIRENDA;SALTA;849;LOCALIDAD CONECTADA;-22,15371944;-63,71164167
3260;TOLLOCHE;SALTA;197;LOCALIDAD CONECTADA;-25,52497222;-63,52088611
3261;TOLOMBON;SALTA;300;LOCALIDAD CONECTADA;-26,181472;-65,94025
3276;TRANQUITAS;SALTA;1052;LOCALIDAD CONECTADA;-22,40572436;-63,77393649
3319;URUNDEL;SALTA;2920;LOCALIDAD CONECTADA;-23,55672222;-64,39938333
3619;YACUY;SALTA;1686;LOCALIDAD CONECTADA;-22,37033056;-63,76916944
95;9 DE JULIO;SAN JUAN;3484;LOCALIDAD CONECTADA;-31,667631;-68,387689
436;BARRIO JUSTO P. CASTRO IV;SAN JUAN;589;LOCALIDAD CONECTADA;-31,627767;-68,302285
488;BARRIO SADOP;SAN JUAN;771;LOCALIDAD CONECTADA;-31,5349666;-68,3983333
534;BERMEJO;SAN JUAN;484;LOCALIDAD CONECTADA;-31,589253;-67,660597
716;CAUCETE;SAN JUAN;28222;LOCALIDAD CONECTADA;-31,64344444;-68,28632778
1186;EL MEDANO;SAN JUAN;96;LOCALIDAD CONECTADA;-30,12666;-68,682399
1228;EL RINCON;SAN JUAN;1252;LOCALIDAD CONECTADA;-31,6651166;-68,3200833
1515;GRAN CHINA;SAN JUAN;484;LOCALIDAD CONECTADA;-30,119466;-68,72957
1580;HUACO;SAN JUAN;1454;LOCALIDAD CONECTADA;-30,15745;-68,48480556
1936;LAS CHACRITAS;SAN JUAN;2760;LOCALIDAD CONECTADA;-31,598029;-68,397763
1993;LAS TALAS - LOS MEDANOS;SAN JUAN;805;LOCALIDAD CONECTADA;-31,59445833;-68,27466944
2209;MARAYES;SAN JUAN;99;LOCALIDAD CONECTADA;-31,46315;-67,3507833
2362;NIQUIVIL;SAN JUAN;819;LOCALIDAD CONECTADA;-30,399325;-68,696114
2451;PAMPA VIEJA;SAN JUAN;740;LOCALIDAD CONECTADA;-30,2005666;-68,6842166
3740;SAN ISIDRO;SAN JUAN;1440;LOCALIDAD CONECTADA;-30,14337529;-68,70398717
2965;SAN JOSE DE JACHAL;SAN JUAN;10940;LOCALIDAD CONECTADA;-30,23394444;-68,747
2975;SAN JUAN;SAN JUAN;109123;LOCALIDAD CONECTADA;-31,5172388;-68,5119083
3303;TUPELI;SAN JUAN;1169;LOCALIDAD CONECTADA;-31,835497;-68,355148
3335;VALLECITO;SAN JUAN;404;LOCALIDAD CONECTADA;-31,7369;-67,9836
3386;VILLA BORJAS - LA CHIMBERA;SAN JUAN;5275;LOCALIDAD CONECTADA;-31,810799;-68,328622
3434;VILLA DOMINGUITO;SAN JUAN;619;LOCALIDAD CONECTADA;-31,560006;-68,295537
3435;VILLA DON BOSCO;SAN JUAN;2557;LOCALIDAD CONECTADA;-31,55320561;-68,33110822
3441;VILLA EL TANGO;SAN JUAN;1367;LOCALIDAD CONECTADA;-31,74805556;-68,24208333
3463;VILLA GENERAL SAN MARTIN - CAMPO;SAN JUAN;22046;LOCALIDAD CONECTADA;-31,43959167;-68,522475
3475;VILLA IBAÑEZ;SAN JUAN;4421;LOCALIDAD CONECTADA;-31,46031363;-68,72215166
3476;VILLA INDEPENDENCIA;SAN JUAN;823;LOCALIDAD CONECTADA;-31,624175;-68,314042
3515;VILLA MEDIA AGUA;SAN JUAN;7983;LOCALIDAD CONECTADA;-31,98258333;-68,41995
3517;VILLA MERCEDES;SAN JUAN;1439;LOCALIDAD CONECTADA;-30,103684;-68,701086
3566;VILLA SAN MARTIN;SAN JUAN;1899;LOCALIDAD CONECTADA;-31,516721;-68,351313
3571;VILLA SANTA ROSA;SAN JUAN;3460;LOCALIDAD CONECTADA;-31,74555556;-68,315
1687;JUAN JORBA;SAN LUIS;201;LOCALIDAD CONECTADA;-33,61403611;-65,27245278
1703;JUSTO DARACT;SAN LUIS;10135;LOCALIDAD CONECTADA;-33,85925833;-65,18145278
2984;SAN LUIS;SAN LUIS;169947;LOCALIDAD CONECTADA;-33,295528;-66,286983
3516;VILLA MERCEDES;SAN LUIS;111391;LOCALIDAD CONECTADA;-33,58261111;-65,63341667
339;BAJO CARACOLES;SANTA CRUZ;33;LOCALIDAD CONECTADA;-47,44512222;-70,92744444
2171;CABO VIRGENES;SANTA CRUZ;8;LOCALIDAD CONECTADA;-52,329127;-68,404916
3705;CALETA OLIVIA;SANTA CRUZ;51733;LOCALIDAD CONECTADA;-46,45789722;-67,51471667
641;CAÑADON SECO;SANTA CRUZ;879;LOCALIDAD CONECTADA;-46,56157222;-67,60674444
894;COLONIA LAS HERAS;SANTA CRUZ;18712;LOCALIDAD CONECTADA;-46,54363611;-68,90773333
1134;EL CALAFATE;SANTA CRUZ;16655;LOCALIDAD CONECTADA;-50,33863611;-72,25456944
1290;ESPERANZA;SANTA CRUZ;142;LOCALIDAD CONECTADA;-51,0286111;-70,7772444
1489;GOBERNADOR GREGORES;SANTA CRUZ;4497;LOCALIDAD CONECTADA;-48,749;-70,24986111
1710;KOLUEL KAIKE;SANTA CRUZ;250;LOCALIDAD CONECTADA;-46,71786389;-68,21626389
2523;PERITO MORENO;SANTA CRUZ;4617;LOCALIDAD CONECTADA;-46,58978493;-70,91364732
2533;PICO TRUNCADO;SANTA CRUZ;20889;LOCALIDAD CONECTADA;-46,79236389;-67,94566667
2789;RIO GALLEGOS;SANTA CRUZ;95796;LOCALIDAD CONECTADA;-51,6240333;-69,23635
3289;TRES LAGOS;SANTA CRUZ;282;LOCALIDAD CONECTADA;-49,59894167;-71,45290278
100;AARON CASTELLANOS;SANTA FE;236;LOCALIDAD CONECTADA;-34,33095278;-62,37058611
205;ALVEAR;SANTA FE;2402;LOCALIDAD CONECTADA;-33,06145847;-60,61597656
215;AMENABAR;SANTA FE;1605;LOCALIDAD CONECTADA;-34,13546944;-62,41722222
262;ARBILLA;SANTA FE;427;LOCALIDAD CONECTADA;-33,103814;-60,703158
277;ARMSTRONG;SANTA FE;11181;LOCALIDAD CONECTADA;-32,77441605;-61,61182415
278;AROCENA;SANTA FE;1608;LOCALIDAD CONECTADA;-32,07926111;-60,97875556
300;ARROYO SECO;SANTA FE;20620;LOCALIDAD CONECTADA;-33,16727778;-60,52825
304;ARRUFO;SANTA FE;1764;LOCALIDAD CONECTADA;-30,23163889;-61,72727778
315;ATALIVA;SANTA FE;1680;LOCALIDAD CONECTADA;-30,99839452;-61,43187315
376;BARRANCAS;SANTA FE;4650;LOCALIDAD CONECTADA;-32,23239444;-60,99059444
464;BARRIO MITRE;SANTA FE;816;LOCALIDAD CONECTADA;-33,25204167;-60,38819444
517;BELLA ITALIA;SANTA FE;1070;LOCALIDAD CONECTADA;-31,28253584;-61,40937088
569;BUSTINZA;SANTA FE;1098;LOCALIDAD CONECTADA;-32,73511944;-61,29375278
627;CAÑADA DE GOMEZ;SANTA FE;29205;LOCALIDAD CONECTADA;-32,81630556;-61,41252778
635;CAÑADA OMBU;SANTA FE;518;LOCALIDAD CONECTADA;-28,308;-59,98211111
653;CAPITAN BERMUDEZ;SANTA FE;29218;LOCALIDAD CONECTADA;-32,82208889;-60,71730278
665;CARCARAÑA;SANTA FE;16277;LOCALIDAD CONECTADA;-32,8566111;-61,1517777
736;CERES;SANTA FE;14499;LOCALIDAD CONECTADA;-29,86397222;-61,94908333
841;COLMENA;SANTA FE;141;LOCALIDAD CONECTADA;-28,7584722;-60,0881388
866;COLONIA BOSSI;SANTA FE;111;LOCALIDAD CONECTADA;-30,66908056;-61,78906944
873;COLONIA CELLO;SANTA FE;118;LOCALIDAD CONECTADA;-31,43030556;-61,84154167
914;COLONIA RAQUEL;SANTA FE;123;LOCALIDAD CONECTADA;-30,83630556;-61,49011389
981;CORONDA;SANTA FE;16873;LOCALIDAD CONECTADA;-31,96863889;-60,93243056
1002;CORONEL RODOLFO S. DOMINGUEZ;SANTA FE;836;LOCALIDAD CONECTADA;-33,18281389;-60,72248056
1011;CORREA;SANTA FE;5792;LOCALIDAD CONECTADA;-32,84814863;-61,25543153
1043;CUATRO ESQUINAS;SANTA FE;174;LOCALIDAD CONECTADA;-33,24457778;-60,76273889
1051;CURUPAYTI;SANTA FE;220;LOCALIDAD CONECTADA;-30,39494444;-61,65325
1076;DESVIO ARIJON;SANTA FE;946;LOCALIDAD CONECTADA;-31,87219444;-60,88847778
1082;DIEGO DE ALVEAR;SANTA FE;1855;LOCALIDAD CONECTADA;-34,37261111;-62,12951111
1109;EGUSQUIZA;SANTA FE;279;LOCALIDAD CONECTADA;-31,09433333;-61,62680556
1275;EMPALME VILLA CONSTITUCION;SANTA FE;6241;LOCALIDAD CONECTADA;-33,24963889;-60,36963889
1289;ESPERANZA;SANTA FE;40145;LOCALIDAD CONECTADA;-31,45403056;-60,94433611
1317;ESTACION SAGUIER;SANTA FE;105;LOCALIDAD CONECTADA;-31,31637792;-61,695935
1364;FIGHIERA;SANTA FE;4034;LOCALIDAD CONECTADA;-33,19756944;-60,46653333
1392;FRANCK;SANTA FE;5109;LOCALIDAD CONECTADA;-31,5803333;-60,939
1395;FRAY LUIS BELTRAN;SANTA FE;15176;LOCALIDAD CONECTADA;-32,78803611;-60,72895278
1399;FRONTERA;SANTA FE;10520;LOCALIDAD CONECTADA;-31,43023611;-62,06516944
1403;FUNES;SANTA FE;23281;LOCALIDAD CONECTADA;-32,924025;-60,78891944
1411;GARABATO;SANTA FE;995;LOCALIDAD CONECTADA;-28,954;-60,14113889
1451;GENERAL LAGOS;SANTA FE;3419;LOCALIDAD CONECTADA;-33,11492588;-60,56397786
1503;GOLONDRINA;SANTA FE;563;LOCALIDAD CONECTADA;-28,55613889;-60,02488889
1517;GRANADERO BAIGORRIA;SANTA FE;36994;LOCALIDAD CONECTADA;-32,86964722;-60,69940833
1565;HERSILLA;SANTA FE;2780;LOCALIDAD CONECTADA;-30,00253791;-61,83776953
1596;HUMBOLDT;SANTA FE;3999;LOCALIDAD CONECTADA;-31,40010833;-61,08138056
1633;INTIYACO;SANTA FE;1132;LOCALIDAD CONECTADA;-28,68022222;-60,06902778
1675;JOSEFINA;SANTA FE;676;LOCALIDAD CONECTADA;-31,40432817;-61,99078971
1706;KILOMETRO 115;SANTA FE;182;LOCALIDAD CONECTADA;-28,82552778;-60,22394444
4053;LA CAROLINA;SANTA FE;0;LOCALIDAD CONECTADA;-33,076256;-60,695633
1780;LA GALLARETA;SANTA FE;2189;LOCALIDAD CONECTADA;-29,58494167;-60,36773333
1855;LA RUBIA;SANTA FE;299;LOCALIDAD CONECTADA;-30,1113388;-61,7928666
1978;LAS PALMERAS;SANTA FE;545;LOCALIDAD CONECTADA;-30,62661111;-61,62716667
1980;LAS PAREJAS;SANTA FE;12375;LOCALIDAD CONECTADA;-32,67821667;-61,53201944
1990;LAS ROSAS;SANTA FE;13068;LOCALIDAD CONECTADA;-32,48498056;-61,57552222
2012;LAZZARINO;SANTA FE;350;LOCALIDAD CONECTADA;-34,165172;-62,42931
2017;LEHMANN;SANTA FE;2416;LOCALIDAD CONECTADA;-31,12332222;-61,44971944
2036;LOGROÑO;SANTA FE;630;LOCALIDAD CONECTADA;-29,50286111;-61,69683333
2059;LOS AMORES;SANTA FE;1052;LOCALIDAD CONECTADA;-28,10011111;-59,97966667
2103;LOS MOLINOS;SANTA FE;1832;LOCALIDAD CONECTADA;-33,10555556;-61,33027778
2119;LOS PUMAS;SANTA FE;5;LOCALIDAD CONECTADA;-29,263925;-61,0172194
2168;MACIEL;SANTA FE;5634;LOCALIDAD CONECTADA;-32,46122222;-60,89463889
2214;MARGARITA;SANTA FE;3534;LOCALIDAD CONECTADA;-29,69028596;-60,24795493
2297;MOISES VILLE;SANTA FE;2318;LOCALIDAD CONECTADA;-30,72083333;-61,47138889
2303;MONIGOTES;SANTA FE;347;LOCALIDAD CONECTADA;-30,49183333;-61,633875
2304;MONJE;SANTA FE;1838;LOCALIDAD CONECTADA;-32,35336111;-60,94336111
2310;MONTE FLORES;SANTA FE;166;LOCALIDAD CONECTADA;-33,0800074;-60,63552267
2324;MONTEFIORE;SANTA FE;146;LOCALIDAD CONECTADA;-29,66583333;-61,86602778
2378;NUEVA LEHMANN;SANTA FE;90;LOCALIDAD CONECTADA;-31,11754167;-61,51331944
2384;NUEVO TORINO;SANTA FE;425;LOCALIDAD CONECTADA;-31,34305556;-61,23450833
2409;OLIVEROS;SANTA FE;3800;LOCALIDAD CONECTADA;-32,57426794;-60,85550496
2432;PALACIOS;SANTA FE;245;LOCALIDAD CONECTADA;-30,70794444;-61,62102778
2467;PARAJE 29;SANTA FE;185;LOCALIDAD CONECTADA;-29,10313889;-60,23638889
2504;PAVON;SANTA FE;876;LOCALIDAD CONECTADA;-33,24199722;-60,40548333
2505;PAVON ARRIBA;SANTA FE;1834;LOCALIDAD CONECTADA;-33,31085;-60,82685556
2526;PEYRANO;SANTA FE;2517;LOCALIDAD CONECTADA;-33,5373472;-60,7986833
2570;PLAZA CLUCELLAS;SANTA FE;1530;LOCALIDAD CONECTADA;-31,45186593;-61,70500953
2575;PLAZA SAGUIER;SANTA FE;262;LOCALIDAD CONECTADA;-31,32531944;-61,66778056
2604;POZO DE LOS INDIOS;SANTA FE;440;LOCALIDAD CONECTADA;-28,94222222;-60,24888889
2618;PRESIDENTE ROCA;SANTA FE;524;LOCALIDAD CONECTADA;-31,2091638;-61,61405
2646;PUEBLO SANTA LUCIA;SANTA FE;185;LOCALIDAD CONECTADA;-29,2828833;-60,4022583
2647;PUEBLO URANGA;SANTA FE;856;LOCALIDAD CONECTADA;-33,26216111;-60,704975
2667;PUERTO GENERAL SAN MARTIN;SANTA FE;13243;LOCALIDAD CONECTADA;-32,71692;-60,730815
2728;RAFAELA;SANTA FE;91571;LOCALIDAD CONECTADA;-31,22596396;-61,46998592
2819;ROLDAN;SANTA FE;14113;LOCALIDAD CONECTADA;-32,89935;-60,91151667
2825;ROSARIO;SANTA FE;948312;LOCALIDAD CONECTADA;-33,014162;-60,629902
2835;RUFINO;SANTA FE;18727;LOCALIDAD CONECTADA;-34,26319444;-62,70952778
2918;SAN FABIAN;SANTA FE;820;LOCALIDAD CONECTADA;-32,13619444;-60,98194444
2936;SAN GREGORIO;SANTA FE;4291;LOCALIDAD CONECTADA;-34,323481;-62,036482
2955;SAN JERONIMO SUD;SANTA FE;2641;LOCALIDAD CONECTADA;-32,878485;-61,02797022
2981;SAN LORENZO;SANTA FE;45958;LOCALIDAD CONECTADA;-32,74825833;-60,73253333
3043;SANCTI SPIRITU;SANTA FE;3433;LOCALIDAD CONECTADA;-34,00811111;-62,23886667
3068;SANTA FE;SANTA FE;391164;LOCALIDAD CONECTADA;-31,64006944;-60,66738889
3101;SANTA TERESA;SANTA FE;3039;LOCALIDAD CONECTADA;-33,44197033;-60,78543403
3117;SANTO TOME;SANTA FE;65684;LOCALIDAD CONECTADA;-31,65614722;-60,79196111
3138;SAUCE VIEJO;SANTA FE;7953;LOCALIDAD CONECTADA;-31,77177778;-60,8375
3191;SUNCHALES;SANTA FE;20537;LOCALIDAD CONECTADA;-30,946;-61,54761111
3194;SUSANA;SANTA FE;1002;LOCALIDAD CONECTADA;-31,35711944;-61,5189
3201;TACURAL;SANTA FE;1169;LOCALIDAD CONECTADA;-30,843125;-61,5899888
3235;TEODELINA;SANTA FE;5933;LOCALIDAD CONECTADA;-34,18320176;-61,53105927
3240;THEOBALD;SANTA FE;421;LOCALIDAD CONECTADA;-33,30974444;-60,31361111
3246;TIMBUES;SANTA FE;3694;LOCALIDAD CONECTADA;-32,67096667;-60,78831667
3253;TOBA;SANTA FE;266;LOCALIDAD CONECTADA;-29,2669722;-60,1696111
3268;TORTUGAS;SANTA FE;2234;LOCALIDAD CONECTADA;-32,74766111;-61,81781111
3271;TOSTADO;SANTA FE;14582;LOCALIDAD CONECTADA;-29,22866667;-61,77727778
3341;VENADO TUERTO;SANTA FE;75437;LOCALIDAD CONECTADA;-33,75320683;-61,95782803
3343;VERA;SANTA FE;19185;LOCALIDAD CONECTADA;-29,46627778;-60,19722222
3370;VILLA AMELIA;SANTA FE;835;LOCALIDAD CONECTADA;-33,17728333;-60,66563333
3426;VILLA DEL PLATA;SANTA FE;259;LOCALIDAD CONECTADA;-33,127075;-60,71047778
3444;VILLA ELOISA;SANTA FE;2820;LOCALIDAD CONECTADA;-32,95978056;-61,54212778
3483;VILLA LA RIVERA;SANTA FE;342;LOCALIDAD CONECTADA;-32,634925;-60,82102778
3559;VILLA SAN JOSE;SANTA FE;220;LOCALIDAD CONECTADA;-31,33634422;-61,62032442
3580;VILLA TRINIDAD;SANTA FE;2606;LOCALIDAD CONECTADA;-30,22283124;-61,86862626
104;ABRA GRANDE;SANTIAGO DEL ESTERO;138;LOCALIDAD CONECTADA;-27,29072222;-64,38000278
117;AEROLITO;SANTIAGO DEL ESTERO;249;LOCALIDAD CONECTADA;-27,23277778;-62,37916667
171;ALHUAMPA;SANTIAGO DEL ESTERO;471;LOCALIDAD CONECTADA;-27,12833333;-62,54777778
242;ANTAJE;SANTIAGO DEL ESTERO;210;LOCALIDAD CONECTADA;-27,6245;-64,25322222
251;AÑATUYA;SANTIAGO DEL ESTERO;23286;LOCALIDAD CONECTADA;-28,4642448;-62,83943156
265;ARDILES;SANTIAGO DEL ESTERO;203;LOCALIDAD CONECTADA;-27,41264167;-64,49995833
279;ARRAGA;SANTIAGO DEL ESTERO;1136;LOCALIDAD CONECTADA;-28,04970833;-64,22378056
323;AVERIAS;SANTIAGO DEL ESTERO;371;LOCALIDAD CONECTADA;-28,74518333;-62,449725
362;BANDERA;SANTIAGO DEL ESTERO;6536;LOCALIDAD CONECTADA;-28,88791667;-62,26744444
363;BANDERA BAJADA;SANTIAGO DEL ESTERO;964;LOCALIDAD CONECTADA;-27,276667;-63,509722
522;BELTRAN;SANTIAGO DEL ESTERO;6352;LOCALIDAD CONECTADA;-27,82890278;-64,06425556
607;CAMPO GALLO;SANTIAGO DEL ESTERO;6222;LOCALIDAD CONECTADA;-26,58194444;-62,84416667
633;CAÑADA ESCOBAR;SANTIAGO DEL ESTERO;269;LOCALIDAD CONECTADA;-27,708472;-64,027861
776;CHAUPI POZO;SANTIAGO DEL ESTERO;382;LOCALIDAD CONECTADA;-27,50829167;-64,42110556
825;CLODOMIRA;SANTIAGO DEL ESTERO;9661;LOCALIDAD CONECTADA;-27,57498333;-64,13175278
879;COLONIA EL SIMBOLAR;SANTIAGO DEL ESTERO;4197;LOCALIDAD CONECTADA;-27,71413333;-63,86821667
1096;DONADEU;SANTIAGO DEL ESTERO;559;LOCALIDAD CONECTADA;-26,72361111;-62,72416667
1130;EL CABURE;SANTIAGO DEL ESTERO;737;LOCALIDAD CONECTADA;-26,01355278;-62,33858056
1143;EL CHARCO;SANTIAGO DEL ESTERO;178;LOCALIDAD CONECTADA;-27,23038611;-64,70580833
1157;EL DEAN;SANTIAGO DEL ESTERO;655;LOCALIDAD CONECTADA;-27,69189722;-64,35109167
1237;EL SAUZAL;SANTIAGO DEL ESTERO;715;LOCALIDAD CONECTADA;-27,48831111;-64,58200556
1301;ESTACION ATAMISQUI;SANTIAGO DEL ESTERO;418;LOCALIDAD CONECTADA;-28,492541;-63,938371
1318;ESTACION TABOADA;SANTIAGO DEL ESTERO;1512;LOCALIDAD CONECTADA;-28,006944;-63,746944
1319;ESTACION TACAÑITAS;SANTIAGO DEL ESTERO;1060;LOCALIDAD CONECTADA;-28,62479167;-62,60573333
1360;FERNANDEZ;SANTIAGO DEL ESTERO;12886;LOCALIDAD CONECTADA;-27,92865;-63,88114444
1378;FORTIN INCA;SANTIAGO DEL ESTERO;487;LOCALIDAD CONECTADA;-29,12830833;-61,93815556
1398;FRIAS;SANTIAGO DEL ESTERO;26649;LOCALIDAD CONECTADA;-28,62827778;-65,12913889
1514;GRAMILLA;SANTIAGO DEL ESTERO;409;LOCALIDAD CONECTADA;-27,300475;-64,60953333
1518;GRANADERO GATICA;SANTIAGO DEL ESTERO;0;LOCALIDAD CONECTADA;-26,87440556;-62,71571667
1535;GUARDIA ESCOLTA;SANTIAGO DEL ESTERO;894;LOCALIDAD CONECTADA;-28,98586667;-62,12839444
1550;HASSE;SANTIAGO DEL ESTERO;347;LOCALIDAD CONECTADA;-27,0706;-62,64085556
1556;HERNAN MEJIA MIRAVAL;SANTIAGO DEL ESTERO;156;LOCALIDAD CONECTADA;-27,17722222;-62,46916667
1598;HUYAMAMPA;SANTIAGO DEL ESTERO;130;LOCALIDAD CONECTADA;-27,38525278;-64,29497222
1615;INGENIERO FORRES;SANTIAGO DEL ESTERO;5463;LOCALIDAD CONECTADA;-27,87092778;-63,97148889
1718;LA AURORA;SANTIAGO DEL ESTERO;736;LOCALIDAD CONECTADA;-27,49713889;-64,23094444
1722;LA BANDA;SANTIAGO DEL ESTERO;106441;LOCALIDAD CONECTADA;-27,75972222;-64,25972222
1735;LA CAÑADA;SANTIAGO DEL ESTERO;1696;LOCALIDAD CONECTADA;-27,70979167;-63,77120556
1764;LA DARSENA;SANTIAGO DEL ESTERO;1152;LOCALIDAD CONECTADA;-27,69827778;-64,28813889
1911;LAPRIDA;SANTIAGO DEL ESTERO;1197;LOCALIDAD CONECTADA;-28,37824444;-64,52881111
2074;LOS CARDOZOS;SANTIAGO DEL ESTERO;165;LOCALIDAD CONECTADA;-27,93183221;-64,19102208
2095;LOS JURIES;SANTIAGO DEL ESTERO;3833;LOCALIDAD CONECTADA;-28,46365278;-62,11080278
2111;LOS NUÑEZ;SANTIAGO DEL ESTERO;573;LOCALIDAD CONECTADA;-27,53529167;-64,52753333
2116;LOS PIRPINTOS;SANTIAGO DEL ESTERO;1729;LOCALIDAD CONECTADA;-26,13309167;-62,07295556
2120;LOS QUIROGA;SANTIAGO DEL ESTERO;1065;LOCALIDAD CONECTADA;-27,65276389;-64,35201944
2127;LOS SORIA;SANTIAGO DEL ESTERO;224;LOCALIDAD CONECTADA;-27,61852778;-64,37547222
2132;LOS TIGRES;SANTIAGO DEL ESTERO;161;LOCALIDAD CONECTADA;-25,90975556;-62,59420556
2234;MATARA;SANTIAGO DEL ESTERO;1172;LOCALIDAD CONECTADA;-28,11147222;-63,19130556
2317;MONTE QUEMADO;SANTIAGO DEL ESTERO;12543;LOCALIDAD CONECTADA;-25,81192778;-62,82836667
2375;NUEVA ESPERANZA;SANTIAGO DEL ESTERO;5145;LOCALIDAD CONECTADA;-26,19946626;-64,23832917
2376;NUEVA FRANCIA;SANTIAGO DEL ESTERO;1091;LOCALIDAD CONECTADA;-28,180472;-64,198139
2644;OTUMPA;SANTIAGO DEL ESTERO;0;LOCALIDAD CONECTADA;-27,32905556;-62,22530556
2447;PAMPA DE LOS GUANACOS;SANTIAGO DEL ESTERO;5273;LOCALIDAD CONECTADA;-26,23570407;-61,82960481
2609;POZO HONDO;SANTIAGO DEL ESTERO;3249;LOCALIDAD CONECTADA;-27,16297222;-64,49022222
2612;POZUELOS;SANTIAGO DEL ESTERO;689;LOCALIDAD CONECTADA;-27,30719444;-64,75613611
2689;PUESTO DE SAN ANTONIO;SANTIAGO DEL ESTERO;84;LOCALIDAD CONECTADA;-27,66358056;-64,37835278
2719;QUIMILI;SANTIAGO DEL ESTERO;15052;LOCALIDAD CONECTADA;-27,64094276;-62,41963553
2747;RAPELLI;SANTIAGO DEL ESTERO;1303;LOCALIDAD CONECTADA;-26,39255556;-64,5035
2832;ROVERSI;SANTIAGO DEL ESTERO;185;LOCALIDAD CONECTADA;-27,59288611;-61,94683333
3081;SANTA MARIA;SANTIAGO DEL ESTERO;338;LOCALIDAD CONECTADA;-27,94944444;-64,22102778
3108;SANTIAGO DEL ESTERO;SANTIAGO DEL ESTERO;252192;LOCALIDAD CONECTADA;-27,801075;-64,268625
3146;SELVA;SANTIAGO DEL ESTERO;2878;LOCALIDAD CONECTADA;-29,76361111;-62,04766667
3164;SIMBOL;SANTIAGO DEL ESTERO;613;LOCALIDAD CONECTADA;-28,101083;-64,214167
3192;SUNCHO CORRAL;SANTIAGO DEL ESTERO;7201;LOCALIDAD CONECTADA;-27,93126667;-63,43138333
3219;TAPSO;SANTIAGO DEL ESTERO;191;LOCALIDAD CONECTADA;-28,40580556;-65,10011389
3236;TERMAS DE RIO HONDO;SANTIAGO DEL ESTERO;32166;LOCALIDAD CONECTADA;-27,49858056;-64,86618889
3250;TINTINA;SANTIAGO DEL ESTERO;3537;LOCALIDAD CONECTADA;-26,87480556;-62,71621389
3263;TOMAS YOUNG;SANTIAGO DEL ESTERO;455;LOCALIDAD CONECTADA;-28,60045556;-62,18478611
3320;URUTAU;SANTIAGO DEL ESTERO;137;LOCALIDAD CONECTADA;-25,71772948;-63,04505555
3359;VILELAS;SANTIAGO DEL ESTERO;1723;LOCALIDAD CONECTADA;-27,95880556;-62,60976944
3376;VILLA ATAMISQUI;SANTIAGO DEL ESTERO;3289;LOCALIDAD CONECTADA;-28,49888889;-63,81888889
3450;VILLA FIGUEROA;SANTIAGO DEL ESTERO;72;LOCALIDAD CONECTADA;-27,715625;-63,50668333
3776;VILLA SAN MARTIN _EST LORETO;SANTIAGO DEL ESTERO;11546;LOCALIDAD CONECTADA;-28,30162537;-64,18963042
4140;CAÑADON ALFA;TIERRA DEL FUEGO;0;LOCALIDAD CONECTADA;-52,739736;-68,563067
2790;RIO GRANDE;TIERRA DEL FUEGO;66475;LOCALIDAD CONECTADA;-53,739403;-67,768617
3034;SAN SEBASTIAN;TIERRA DEL FUEGO;0;LOCALIDAD CONECTADA;-53,29878;-68,456083
3259;TOLHUIN;TIERRA DEL FUEGO;2626;LOCALIDAD CONECTADA;-54,51120278;-67,18920556
3321;USHUAIA;TIERRA DEL FUEGO;56593;LOCALIDAD CONECTADA;-54,786124;-68,224576
110;ACHERAL;TUCUMAN;2683;LOCALIDAD CONECTADA;-27,12083333;-65,46833333
130;AGUILARES;TUCUMAN;32908;LOCALIDAD CONECTADA;-27,42501667;-65,604125
198;ALTO VERDE;TUCUMAN;2341;LOCALIDAD CONECTADA;-27,37726944;-65,60968056
208;AMAICHA DEL VALLE;TUCUMAN;1327;LOCALIDAD CONECTADA;-26,59608611;-65,91938056
264;ARCADIA;TUCUMAN;2072;LOCALIDAD CONECTADA;-27,30694848;-65,57606749
392;BARRIO CASA ROSADA;TUCUMAN;1141;LOCALIDAD CONECTADA;-27,04634722;-65,4272
4077;BARRIO EL PORTAL;TUCUMAN;8814;LOCALIDAD CONECTADA;-27,03670894;-65,39213814
605;CAMPO DE HERRERA;TUCUMAN;890;LOCALIDAD CONECTADA;-27,02831944;-65,34786111
835;COLALAO DEL VALLE;TUCUMAN;632;LOCALIDAD CONECTADA;-26,36103889;-65,9561
903;COLONIA MAYO - BARRIO LA MILAGROSA;TUCUMAN;909;LOCALIDAD CONECTADA;-26,8366055;-64,9905916
956;CONCEPCION;TUCUMAN;49782;LOCALIDAD CONECTADA;-27,34515438;-65,58824982
1069;DELFIN GALLO;TUCUMAN;8828;LOCALIDAD CONECTADA;-26,84598889;-65,09426667
1191;EL MOLLAR;TUCUMAN;1906;LOCALIDAD CONECTADA;-26,93918889;-65,70302778
1298;ESTACION ARAOZ;TUCUMAN;1315;LOCALIDAD CONECTADA;-27,05952778;-64,9261
1348;FAMAILLA;TUCUMAN;22924;LOCALIDAD CONECTADA;-27,054417;-65,404298
1607;ILTICO;TUCUMAN;466;LOCALIDAD CONECTADA;-27,33415;-65,643
1681;JUAN BAUTISTA ALBERDI;TUCUMAN;18430;LOCALIDAD CONECTADA;-27,595528;-65,609583
1750;LA COCHA;TUCUMAN;6578;LOCALIDAD CONECTADA;-27,76618611;-65,58397222
1849;LA REDUCCION;TUCUMAN;5029;LOCALIDAD CONECTADA;-26,96237419;-65,35401505
2122;LOS RALOS;TUCUMAN;9429;LOCALIDAD CONECTADA;-26,88589006;-65,007946
2125;LOS SARMIENTOS;TUCUMAN;3010;LOCALIDAD CONECTADA;-27,41372087;-65,69543989
2137;LOS ZAZOS;TUCUMAN;0;LOCALIDAD CONECTADA;-26,62228333;-65,87195556
2325;MONTEROS;TUCUMAN;23274;LOCALIDAD CONECTADA;-27,16946944;-65,48888056
2636;PUEBLO INDEPENDENCIA;TUCUMAN;3530;LOCALIDAD CONECTADA;-27,21913056;-65,52531389
2742;RANCHILLOS;TUCUMAN;6892;LOCALIDAD CONECTADA;-26,95306389;-65,04755556
2781;RIO CHICO;TUCUMAN;758;LOCALIDAD CONECTADA;-27,481;-65,62085
2783;RIO COLORADO;TUCUMAN;1077;LOCALIDAD CONECTADA;-27,1501;-65,35580556
2797;RIO SECO;TUCUMAN;5131;LOCALIDAD CONECTADA;-27,26566886;-65,5490522
2837;RUMI PUNCO;TUCUMAN;0;LOCALIDAD CONECTADA;-27,98310923;-65,57053452
3768;SAN ISIDRO DE LULES;TUCUMAN;22142;LOCALIDAD CONECTADA;-26,916075;-65,33484444
2966;SAN JOSE DE LA COCHA;TUCUMAN;123;LOCALIDAD CONECTADA;-27,73188611;-65,58468333
3006;SAN MIGUEL DE TUCUMAN;TUCUMAN;548866;LOCALIDAD CONECTADA;-26,843875;-65,2299888
3047;SANTA ANA;TUCUMAN;7871;LOCALIDAD CONECTADA;-27,47348333;-65,68586111
3075;SANTA LUCIA;TUCUMAN;5704;LOCALIDAD CONECTADA;-27,095375;-65,53571111
3096;SANTA ROSA DE LEALES;TUCUMAN;1934;LOCALIDAD CONECTADA;-27,13291667;-65,25911111
3176;SOLDADO MALDONADO;TUCUMAN;805;LOCALIDAD CONECTADA;-27,14471667;-65,56586944
3202;TAFI DEL VALLE;TUCUMAN;3403;LOCALIDAD CONECTADA;-26,84238056;-65,71021389
3233;TENIENTE BERDINA;TUCUMAN;907;LOCALIDAD CONECTADA;-27,05102778;-65,48805556
3381;VILLA BELGRANO;TUCUMAN;1205;LOCALIDAD CONECTADA;-27,53027222;-65,61454444
3403;VILLA CLODOMIRO HILERET;TUCUMAN;699;LOCALIDAD CONECTADA;-27,47498056;-65,66203889
3413;VILLA DE LEALES;TUCUMAN;1237;LOCALIDAD CONECTADA;-27,19353406;-65,31153452
3537;VILLA QUINTEROS;TUCUMAN;4240;LOCALIDAD CONECTADA;-27,25446389;-65,54364167
3630;YERBA BUENA;TUCUMAN;57392;LOCALIDAD CONECTADA;-26,811678;-65,265672
3488;VILLA MELIQUINA;NEUQUEN;350;LOCALIDAD CONECTADA;-40,31834722;-71,38239167
4069;PAMPA CURACO;NEUQUEN;0;LOCALIDAD CONECTADA;-39,61722151;-70,3419801
3405;VILLA CONSTITUCION;SANTA FE;47903;LOCALIDAD CONECTADA;-33,233367;-60,337533
4081;POLO TECNOLOGICO GODOY CRUZ;MENDOZA;191903;LOCALIDAD CONECTADA;-32,93935833;-68,821
1646;ET ITA-IBATE;CORRIENTES;4115;LOCALIDAD CONECTADA;-27,446612;-57,336412
2489;PASO DE LA PATRIA-ET PIRAYU;CORRIENTES;1809;LOCALIDAD CONECTADA;-27,322551;-58,566263
1439;GENERAL DEHEZA;CORDOBA;11061;LOCALIDAD CONECTADA;-32,78053889;-63,83031944
1650;ITUZAINGO;CORRIENTES;19575;LOCALIDAD CONECTADA;-27,568023;-56,674716
1141;EL CHALTEN;SANTA CRUZ;1627;LOCALIDAD CONECTADA;-49,332475;-72,880889
2107;LOS MUCHACHOS-LA ALBORADA;SANTA FE;129;LOCALIDAD CONECTADA;-33,08751111;-60,71164444
